id,category,q,a,sources,related_service,maintainer,language
bygglov-001,bygglov,Vad är bygglov?,"Bygglov är ett myndighetsbeslut från kommunens byggnadsnämnd som ger tillstånd att bygga, enligt Plan- och bygglagen (PBL). Krävs för nybyggnad, tillbyggnad och vissa fasadändringar. I Helsingborg hanteras bygglov av Stadsbyggnadsförvaltningen. Zaragoza AB hjälper genom hela ansökningsprocessen.",PBL 9 kap.; Boverket,bygglov-radgivning,Zaragoza AB,sv
bygglov-002,bygglov,Hur lång tid tar det att få bygglov?,"Lagstadgad handläggningstid är 10 veckor, med möjlig förlängning till 20 veckor vid komplexa ärenden. I praktiken: enkla ärenden 4-6 veckor, större projekt 8-12 veckor. Ärenden med planavvikelse kan ta 12-20 veckor.",PBL 9 kap. 27 §,bygglov-radgivning,Zaragoza AB,sv
bygglov-003,bygglov,Vad kostar bygglov?,"Avgiften beräknas enligt kommunal taxa och varierar kraftigt: ca 25 000-50 000 SEK för enfamiljshus, 5 000-15 000 SEK för tillbyggnad, 3 000-8 000 SEK för fasadändring. Planavgift tillkommer vid plan yngre än 10 år.",Kommunal bygglovstaxa,,Zaragoza AB,sv
bygglov-004,bygglov,Vilka ritningar behövs för bygglov?,"Obligatoriska: situationsplan (skala 1:400), planritning per våning (1:100), fasadritning alla 4 fasader (1:100), sektionsritning (1:100). Vid nybyggnad också nybyggnadskarta. Ritningar ska vara fackmässigt utförda och levereras som PDF.",PBL 9 kap. 21 §; BBR 2,ritningshjalp,Zaragoza AB,sv
bygglov-005,bygglov,Kan jag bygga utan bygglov?,"Ja, för friggebod upp till 15 m², attefallshus upp till 30 m², attefallstillbyggnad upp till 15 m², samt mindre plank och murar. Alla utom friggebod kräver dock bygganmälan. Strandskyddsområden har ofta andra regler.",PBL 9 kap. 4-5 §§,,Zaragoza AB,sv
bygglov-006,bygglov,Vad är kontrollansvarig (KA)?,Kontrollansvarig är en certifierad person som övervakar att bygget uppfyller tekniska krav. Krävs vid de flesta bygglov över attefallsnivå. KA ska vara certifierad av ett ackrediterat certifieringsorgan enligt PBL.,PBL 10 kap. 9 §,ka-hanvisning,Zaragoza AB,sv
bygglov-007,bygglov,Vad händer om jag bygger utan bygglov?,"Olovligt byggande leder till byggsanktionsavgift, vanligtvis 1-10 prisbasbelopp (58 000-580 000 SEK 2026). Dessutom kan kommunen kräva rivning eller återställande. Lagfart kan också påverkas vid försäljning.",PBL 11 kap.,,Zaragoza AB,sv
bygglov-008,bygglov,Vad är startbesked?,Startbesked är kommunens godkännande att påbörja byggarbetet efter beviljat bygglov. Krävs alltid — olovlig byggstart innebär byggsanktionsavgift. Utfärdas efter tekniskt samråd och godkänd kontrollplan.,PBL 10 kap. 3 §,,Zaragoza AB,sv
bygglov-009,bygglov,Vad är slutbesked?,"Slutbesked är kommunens bekräftelse att bygget är färdigt enligt bygglov och kontrollplan. Utan slutbesked får byggnaden inte tas i bruk. Krävs alltid, även vid enklare tillbyggnader.",PBL 10 kap. 34 §,,Zaragoza AB,sv
bygglov-010,bygglov,Kan jag överklaga ett avslag på bygglov?,Ja. Överklagan skickas till Länsstyrelsen inom 3 veckor från delgivning. Vidare instanser: Mark- och miljödomstolen och Mark- och miljööverdomstolen. Prövningstillstånd krävs i högre instanser.,PBL 13 kap.; Förvaltningslagen,,Zaragoza AB,sv
bygglov-011,bygglov,Vad är detaljplan?,Detaljplan är ett juridiskt dokument som reglerar markanvändning och bebyggelse inom ett specifikt område. Bindande för bygglov. Avvikelser från detaljplan kräver planavvikelseprövning — längre process.,PBL 4 kap.,,Zaragoza AB,sv
bygglov-012,bygglov,Vad är förhandsbesked?,"Förhandsbesked är en kommunal prövning om en specifik åtgärd kan tillåtas, innan du söker bygglov. Användbart när detaljplan saknas eller vid osäkra ärenden. Giltigt i 2 år om du sedan söker bygglov.",PBL 9 kap. 17-18 §§,bygglov-radgivning,Zaragoza AB,sv
bygglov-013,bygglov,Kan grannar stoppa mitt bygglov?,Grannar har rätt att yttra sig men kan inte ensamma stoppa ett bygglov. Kommunen gör en helhetsbedömning. Grannar kan dock överklaga ett beviljat bygglov inom 3 veckor om de är berörda.,PBL 9 kap. 25 §,,Zaragoza AB,sv
bygglov-014,bygglov,Behöver jag bygglov för altan?,"Altan under 1,8 m höjd från marken och utan tak behöver oftast inget bygglov. Högre altan, överbyggd altan eller altan i strandskydd kräver bygglov. Regler kan variera per kommun.",PBL 9 kap. 4 §,,Zaragoza AB,sv
bygglov-015,bygglov,Kan jag använda attefallshus som permanentbostad?,"Ja, sedan 2020 får attefallshus användas som permanentbostad. Huset kan vara upp till 30 m², högst 4,0 m nockhöjd, och placeras minst 4,5 m från tomtgräns (om inte grannar godkänner närmare).",PBL 9 kap. 4 a §,,Zaragoza AB,sv
bygglov-016,bygglov,Vad är nybyggnadskarta?,"Nybyggnadskarta är en detaljerad karta över fastigheten med alla existerande byggnader, ledningar, höjder. Krävs vid nybyggnad. Beställs från kommunen, kostar 3 000-8 000 SEK. Giltig oftast 2 år.",PBL 9 kap. 21 §,,Zaragoza AB,sv
bygglov-017,bygglov,Vad är energiberäkning för bygglov?,Vid nybyggnad krävs en energiberäkning som visar att huset uppfyller BBR 29 krav. Mäts i primärenergital (kWh/m²/år). Utförs av energikonsult eller byggnadsingenjör. Zaragoza AB samarbetar med certifierade energikonsulter.,BBR 9; PBL 8 kap.,bygglov-radgivning,Zaragoza AB,sv
bygglov-018,bygglov,Vad är brandskyddsdokumentation?,"Beskrivning av brandskyddsåtgärder: brandcellsindelning, utrymningsvägar, släcksystem. Krävs vid större projekt. För enfamiljshus oftast enkel, för flerbostadshus omfattande. Boverkets byggregler avsnitt 5 är grunden.",BBR 5,,Zaragoza AB,sv
bygglov-019,bygglov,Vad är tekniskt samråd?,"Möte mellan byggherren, KA och byggnadsnämnden efter beviljat bygglov, där kontrollplan och byggprocess gås igenom. Krävs vid de flesta projekt. Leder till startbesked.",PBL 10 kap. 14 §,,Zaragoza AB,sv
bygglov-020,bygglov,Behöver jag bygglov för staket?,"Staket upp till 1,1 m utan annan fysisk avgränsning behöver inget bygglov. Över 1,1 m eller plank/mur som syftar att skärma av: bygglov kan krävas. Helsingborg tillåter ofta 1,8 m vid uteplats utan lov, men kontrollera alltid med kommunen.",PBL 9 kap. 8 §; Helsingborg,,Zaragoza AB,sv
attefall-001,attefallshus-friggebod,Vad är skillnaden mellan attefallshus och friggebod?,"Friggebod: max 15 m², kräver inget bygglov eller anmälan. Attefallshus: upp till 30 m², bygglovsbefriat men kräver bygganmälan till kommunen. Attefallshus får användas som permanentbostad, friggebod inte.",PBL 9 kap. 4 §,,Zaragoza AB,sv
attefall-002,attefallshus-friggebod,Hur stort får ett attefallshus vara?,"Max 30 m² byggnadsarea, nockhöjd max 4,0 m. Placeras minst 4,5 m från tomtgräns (om grannar ej godkänner närmare). Får inte placeras i strandskyddsområde utan dispens.",PBL 9 kap. 4 a §,,Zaragoza AB,sv
attefall-003,attefallshus-friggebod,Behöver jag anmäla ett attefallshus?,"Ja, en bygganmälan krävs innan byggstart. Kommunen utfärdar startbesked. Ingen bygglov behövs, men alla BBR-krav (energi, tillgänglighet, brand) gäller.",PBL 9 kap. 4 a §,,Zaragoza AB,sv
attefall-004,attefallshus-friggebod,Vad kostar ett attefallshus?,"Nyckelfärdigt 30 m² attefallshus: 400 000-900 000 SEK inklusive grund, husbyggnad, el, VVS. ROT-avdrag gäller inte för nybyggnad av attefallshus men går att kombinera med husbyggsats (kit) för lägre kostnad.",Branschindex 2026,attefallshus-bygg,Zaragoza AB,sv
attefall-005,attefallshus-friggebod,Kan jag ha två attefallshus?,"Nej. Per fastighet tillåts endast 30 m² totalt attefallshus-area (kan delas på flera byggnader, t.ex. 20 m² + 10 m²). Tillsammans med friggebod (15 m²) kan totalt 45 m² bygglovsbefriat.",PBL 9 kap. 4-4 a §§,,Zaragoza AB,sv
attefall-006,attefallshus-friggebod,"Får jag placera attefallshus närmare än 4,5 m från grannen?","Endast om grannen skriftligen godkänner placeringen. Godkännandet ska lämnas till kommunen vid anmälan. Om gränsen är mot gata, järnväg eller allmän plats behövs istället kommunens medgivande.",PBL 9 kap. 4 a §,,Zaragoza AB,sv
attefall-007,attefallshus-friggebod,Kan jag bygga attefallshus på åker eller naturmark?,"Endast om marken är planlagd som bostadsmark i detaljplan eller om förhandsbesked tillåter. Utanför planlagt område krävs ofta förhandsbesked eller dispens från strandskydd, vilket kan ta månader.",PBL 9 kap. 31 §,,Zaragoza AB,sv
attefall-008,attefallshus-friggebod,Vad är attefallstillbyggnad?,"Tillbyggnad på befintligt enbostadshus, max 15 m² bruttoarea. Bygglovsbefriat men kräver anmälan. Får inte vara högre än huvudbyggnaden och ska placeras minst 4,5 m från tomtgräns.",PBL 9 kap. 4 b §,tillbyggnad,Zaragoza AB,sv
attefall-009,attefallshus-friggebod,Kan jag inreda vind som attefall?,"Ja, inredning av högst två lägenheter i enbostadshus är bygglovsbefriat (s.k. attefallsinredning), men kräver bygganmälan. Kraven på BBR (tillgänglighet, brand, ventilation) gäller fullt ut.",PBL 9 kap. 4 c §,vindinredning,Zaragoza AB,sv
attefall-010,attefallshus-friggebod,Gäller ROT-avdrag för attefallshus?,"Nej, nybyggnad av attefallshus ger inte ROT-avdrag. ROT gäller endast renovering och tillbyggnad på befintligt hus. Attefallstillbyggnad kan dock ge ROT om den görs på huvudbyggnaden.",Inkomstskattelagen 67 kap.,,Zaragoza AB,sv
tillbyggnad-001,tillbyggnad,Behöver jag bygglov för tillbyggnad?,"Ja, tillbyggnad över 15 m² kräver alltid bygglov. Mindre attefallstillbyggnad (max 15 m² på enbostadshus) kräver endast anmälan. Tidsplan och kostnad varierar beroende på storlek och kommun.",PBL 9 kap. 2 §,tillbyggnad,Zaragoza AB,sv
tillbyggnad-002,tillbyggnad,Vad kostar en tillbyggnad?,"Genomsnittlig tillbyggnadskostnad: 18 000-32 000 SEK/m² (2026). Simpla utrymmen (förråd, carport) billigare, kök/våtrum dyrare. ROT-avdrag reducerar med upp till 15 000 SEK per person.",Branschindex 2026,tillbyggnad,Zaragoza AB,sv
tillbyggnad-003,tillbyggnad,Hur lång tid tar en tillbyggnad?,Bygglovsprocess: 6-12 veckor. Byggtid: 2-6 månader beroende på storlek (30 m² tillbyggnad ~3 månader). Zaragoza AB erbjuder nyckelfärdiga tillbyggnader i Helsingborg-området.,Branschpraxis,tillbyggnad,Zaragoza AB,sv
tillbyggnad-004,tillbyggnad,Kan jag bygga en veranda utan bygglov?,"Veranda utan tak och under 1,8 m höjd från marken är oftast bygglovsbefriat. Med tak eller glasade partier krävs bygglov. Attefallstillbyggnad kan också vara alternativ om under 15 m².",PBL 9 kap.,,Zaragoza AB,sv
tillbyggnad-005,tillbyggnad,Får jag bygga till utan grannens tillstånd?,"Ja, om tillbyggnaden följer detaljplan och avstånd till tomtgräns är minst 4,5 m (eller vad detaljplan anger). Närmare än 4,5 m kräver grannens skriftliga godkännande, eller undantag i detaljplan.",PBL 9 kap.,,Zaragoza AB,sv
tillbyggnad-006,tillbyggnad,Kan tillbyggnad vara högre än huvudbyggnaden?,Sällan. Detaljplan styr ofta byggnadshöjden. Attefallstillbyggnad får aldrig vara högre än huvudbyggnaden. Avvikelser från detaljplan kräver planavvikelseprövning.,PBL 4 kap.,,Zaragoza AB,sv
tillbyggnad-007,tillbyggnad,Behöver jag KA för tillbyggnad?,För de flesta tillbyggnader över attefall-gränsen krävs KA (kontrollansvarig). Enkla attefallstillbyggnader kan vara KA-befriade. Byggnadsnämnden avgör i varje enskilt fall.,PBL 10 kap. 9 §,,Zaragoza AB,sv
tillbyggnad-008,tillbyggnad,Vad gäller för brandkrav vid tillbyggnad?,Tillbyggnad måste uppfylla BBR kap. 5. Vanligen gäller samma brandklass som huvudbyggnaden. Om tillbyggnaden är nära annan byggnad krävs brandvägg EI60 eller likvärdigt.,BBR 5,,Zaragoza AB,sv
tillbyggnad-009,tillbyggnad,Kan jag bygga till ett kök i mitt garage?,"Att omvandla garage till bostadsrum räknas som ändrad användning och kräver bygglov. Dessutom BBR-krav: isolering, ventilation, fuktskydd, energi. Dyr men vanlig renovering.",PBL 9 kap.; BBR,garage-till-bostad,Zaragoza AB,sv
tillbyggnad-010,tillbyggnad,Gäller ROT-avdrag för tillbyggnad?,"Ja, tillbyggnad av befintligt hus ger ROT på arbetskostnaden (30%, max 50 000 SEK/person/år). Material undantaget. Zaragoza AB hanterar ROT direkt på fakturan.",Inkomstskattelagen 67 kap.,tillbyggnad,Zaragoza AB,sv
rot-001,rot-avdrag,Vad är ROT-avdrag?,"ROT (Reparation, Om- och Tillbyggnad) är skattereduktion på 30% av arbetskostnaden vid renovering. Max 50 000 SEK per person och år. Endast arbete — inte material. Företaget måste ha F-skatt.",Inkomstskattelagen 67 kap.,,Zaragoza AB,sv
rot-002,rot-avdrag,Hur fungerar ROT-avdrag på fakturan?,Fakturametoden: byggfirman drar av ROT direkt på fakturan och fakturerar Skatteverket resterande 30%. Du betalar 70% av arbetskostnaden plus 100% av materialet. Zaragoza AB använder fakturametoden.,Skatteverket,,Zaragoza AB,sv
rot-003,rot-avdrag,Vem kan få ROT-avdrag?,Privatperson som äger bostaden (eller står som brukare i bostadsrätt) och är obegränsat skattskyldig i Sverige. Räntor och skatter ska vara i ordning. Hyresgäster kan få ROT på specifika renoveringar med hyresvärdens tillstånd.,Inkomstskattelagen 67 kap. 13 a §,,Zaragoza AB,sv
rot-004,rot-avdrag,Vad räknas som ROT-berättigad renovering?,"Fysiskt arbete i befintlig bostad: takbyte, målning, golvläggning, köks- och badrumsrenovering, VVS, el, fasad, isolering. Nybyggnad av hus ger inte ROT. Trädgårdsarbete är RUT, inte ROT.",Skatteverkets allmänna råd,,Zaragoza AB,sv
rot-005,rot-avdrag,Kan två personer få 100 000 SEK ROT-avdrag?,"Ja, om båda äger bostaden och står på fakturan: 50 000 + 50 000 = 100 000 SEK kombinerat ROT-avdrag per år. Fördelning ska framgå av fakturan.",Inkomstskattelagen 67 kap.,,Zaragoza AB,sv
rot-006,rot-avdrag,Vad händer om ROT-taket överskrids?,Överskridande del betalas av kunden till fullo (utan ROT). Företaget får inte fakturera mer ROT än takbeloppet. Nästa kalenderår återställs taket.,Skatteverket,,Zaragoza AB,sv
rot-007,rot-avdrag,Kan jag få ROT på fritidshus?,"Ja, ROT gäller även fritidshus, förutsatt att du äger det och det är inrett för boende. Arrendetomter och kolonilotter oftast inte ROT-berättigade.",Inkomstskattelagen 67 kap.,,Zaragoza AB,sv
rot-008,rot-avdrag,Gäller ROT på bostadsrätt?,"Ja, som innehavare av bostadsrätt får du ROT på renovering inne i lägenheten (ytskikt, kök, badrum, el, VVS som är ditt ansvar enligt stadgarna). Gemensamma delar är föreningens ansvar.",Inkomstskattelagen 67 kap.,,Zaragoza AB,sv
rot-009,rot-avdrag,Kan jag få ROT på mitt eget arbete?,"Nej, ROT gäller endast arbete utfört av extern firma med F-skatt. Eget arbete är inte ROT-berättigat. Inte heller familjemedlemmars arbete om det inte sker inom ramen för ett seriöst företag.",Skatteverket,,Zaragoza AB,sv
rot-010,rot-avdrag,Hur vet jag om en firma ger ROT?,Kontrollera F-skatt på Skatteverkets e-tjänst. Seriöst företag bekräftar skriftligen i offerten att de använder fakturametoden och drar ROT direkt. Zaragoza AB gör detta automatiskt.,Skatteverket,rot-faktura,Zaragoza AB,sv
rot-011,rot-avdrag,Kan ROT kombineras med RUT?,"Ja, ROT och RUT har separata tak (50 000 SEK ROT + 75 000 SEK RUT 2026). Totalt maxutrymme per person 125 000 SEK. Kräver två olika fakturor eller tydlig uppdelning.",Inkomstskattelagen 67 kap.,,Zaragoza AB,sv
rot-012,rot-avdrag,Vad händer om företaget går i konkurs efter ROT-fakturan?,"ROT-avdraget som redan getts påverkas inte, men garanti/reklamationsrätt försvinner ofta. Kontrollera därför företagets ekonomi (allabolag, ratsit) innan du tecknar avtal för stora projekt.",Konsumenttjänstlagen,verifiera-byggfirma,Zaragoza AB,sv
rot-013,rot-avdrag,Kan jag få ROT på renovering av uthus?,"Ja, om uthuset är kopplat till bostaden (garage, carport, förråd på samma fastighet). Fristående uthus utan bostadsanknytning är oftast inte ROT-berättigade.",Skatteverket,,Zaragoza AB,sv
rot-014,rot-avdrag,Hur deklarerar jag ROT-avdrag?,Med fakturametoden: inget behöver deklareras av dig — företaget rapporterar direkt till Skatteverket. Du ser ROT-avdraget i förtryckt inkomstdeklaration nästa år som information.,Skatteverket,,Zaragoza AB,sv
rot-015,rot-avdrag,Kan pensionär få ROT?,"Ja, ROT gäller alla obegränsat skattskyldiga i Sverige, oavsett ålder. Pensionärer kan ha lägre skatt att kvitta mot, vilket kan påverka hur mycket ROT som faktiskt används.",Inkomstskattelagen 67 kap.,,Zaragoza AB,sv
rut-001,rut-avdrag,Vad är RUT-avdrag?,"RUT (Rengöring, Underhåll, Tvätt) är skattereduktion på 50% av arbetskostnaden för hushållsnära tjänster. Max 75 000 SEK per person och år (2026). Städning, fönsterputsning, trädgårdsarbete, IT-hjälp hemma.",Inkomstskattelagen 67 kap.,,Zaragoza AB,sv
rut-002,rut-avdrag,Är RUT-taket separat från ROT?,"Ja, separata tak: RUT 75 000 SEK + ROT 50 000 SEK per person/år. Totalt 125 000 SEK maxutrymme per person 2026.",Inkomstskattelagen 67 kap.,,Zaragoza AB,sv
rut-003,rut-avdrag,Vad ingår i RUT?,"Städning, fönsterputsning, tvätt och strykning, trädgårdsarbete (löpande), snöskottning, barnpassning hemma, flytthjälp, IT-tjänster hemma, möbelmontering, reparation av vitvaror.",Inkomstskattelagen 67 kap. 13 a-b §§,,Zaragoza AB,sv
rut-004,rut-avdrag,Är trädgårdsanläggning RUT eller ROT?,"Löpande underhåll (häck, gräs) är RUT. Anläggningsarbete (ny altan, staket, uppfart) är oftast ROT eller normal skatt. Gränsen kan vara oklar — fråga Skatteverket vid tveksamhet.",Skatteverket,,Zaragoza AB,sv
rut-005,rut-avdrag,Kan företag få RUT?,"Nej, RUT och ROT är endast för privatpersoner. Företag kan dra av renoveringskostnader som rörelsekostnad i bokföringen, men inte som RUT/ROT-avdrag.",Skatteverket,,Zaragoza AB,sv
rut-006,rut-avdrag,Gäller RUT på fritidshus?,"Ja, om du äger fritidshuset. Städning, trädgård, snöskottning av eget fritidshus är RUT-berättigat.",Inkomstskattelagen 67 kap.,,Zaragoza AB,sv
rut-007,rut-avdrag,Kan min pappa ha RUT hos mig?,"Nej, RUT gäller tjänster i den egna bostaden. Men om förälder bor hos dig eller du hjälper dem: RUT kan användas av personen som äger bostaden eller är obegränsat skattskyldig där.",Skatteverket,,Zaragoza AB,sv
rut-008,rut-avdrag,Hur stort är RUT-taket 2026?,75 000 SEK per person och kalenderår. Höjt från 50 000 SEK 2022. Två ägare i bostad kan få 150 000 SEK kombinerat per år. Reduktionen är 50% av arbetskostnaden.,Inkomstskattelagen 67 kap.,,Zaragoza AB,sv
fskatt-001,f-skatt,Vad är F-skatt?,F-skatt är Skatteverkets intyg att du driver näringsverksamhet och själv betalar skatter och sociala avgifter. Obligatoriskt för alla företag som utför entreprenadarbete. Kunder kan kontrollera F-skatt på Skatteverkets e-tjänst.,Inkomstskattelagen; Skatteverket,,Zaragoza AB,sv
fskatt-002,f-skatt,Varför är F-skatt viktigt för ROT?,Utan F-skatt får företaget inte dra ROT-avdrag. Om du anlitar firma utan F-skatt och får ROT-avdrag är detta skattefusk som drabbar dig. Alltid verifiera F-skatt innan arbetsstart.,Skatteverket,,Zaragoza AB,sv
fskatt-003,f-skatt,Hur kontrollerar jag F-skatt?,"Gå till skatteverket.se, sök e-tjänst ""Kontrollera F-skatt"", ange organisationsnummer. Resultat visar om F-skatt är aktiv, vilande eller indragen. Gratis.",Skatteverket,verifiera-byggfirma,Zaragoza AB,sv
fskatt-004,f-skatt,Vad är A-skatt vs F-skatt?,A-skatt är för anställda (arbetsgivaren drar skatt). F-skatt är för egenföretagare (företaget betalar själv skatt och arbetsgivaravgifter). FA-skatt är kombinerat (vissa konsulter).,Skatteverket,,Zaragoza AB,sv
fskatt-005,f-skatt,Kan F-skatt dras in?,"Ja, om företaget inte betalar skatt, moms eller arbetsgivaravgifter. Skatteverket varnar först, sedan dras F-skatten in. Företaget får då inte fakturera som näringsidkare och kan inte ge ROT.",Skatteverket,,Zaragoza AB,sv
fskatt-006,f-skatt,Måste enskild firma ha F-skatt?,"Ja, för att räknas som näringsverksamhet och kunna fakturera kunder. Utan F-skatt räknas arbetet som anställning, och kunden blir skyldig att dra A-skatt och betala arbetsgivaravgifter.",Inkomstskattelagen,,Zaragoza AB,sv
fskatt-007,f-skatt,Hur ansöker jag om F-skatt?,"Via verksamt.se eller direkt på Skatteverket. Fri blankett, handläggning 1-4 veckor. Krävs beskrivning av verksamheten och förväntad omsättning. Går att kombinera med andra företagsregistreringar.",Skatteverket,,Zaragoza AB,sv
fskatt-008,f-skatt,Varför är F-skatt skyddande för kunden?,Utan F-skatt blir kunden (byggherren) skyldig att dra A-skatt och betala arbetsgivaravgifter för den person som utför arbetet. Detta kan kosta 30-50% extra. F-skatt placerar hela skatteansvaret hos företaget.,Inkomstskattelagen,,Zaragoza AB,sv
fskatt-009,f-skatt,Kan utländskt företag ha F-skatt?,"Ja, utländska företag kan söka F-skatt i Sverige om de har verksamhet här. Krävs ofta svenskt personnummer/samordningsnummer för firmatecknare. Processen är lite längre.",Skatteverket,,Zaragoza AB,sv
fskatt-010,f-skatt,Vad är SNI-kod?,SNI (Svensk Näringsgrensindelning) är en kod som anger företagets verksamhet. Byggbranschen har koder i serien 41-43. Relevant för omvänd moms: företag med SNI 41-43 räknas ofta som byggföretag.,SCB,,Zaragoza AB,sv
omvand-001,omvand-moms,Vad är omvänd skattskyldighet?,"Omvänd moms innebär att köparen redovisar momsen, inte säljaren. Gäller vid försäljning av byggtjänster mellan två byggföretag i Sverige. Infördes 2007 för att motverka momsfusk.",Mervärdesskattelagen 1 kap. 2 §,,Zaragoza AB,sv
omvand-002,omvand-moms,När gäller omvänd moms?,"Tre villkor: 1) svensk säljare, 2) köpare är byggföretag, 3) tjänsten är byggtjänst. Alla tre uppfyllda → omvänd moms. Tvåvägs-regel: gäller endast mellan företag (B2B), aldrig till privatpersoner.",ML 1 kap. 2 §,,Zaragoza AB,sv
omvand-003,omvand-moms,Hur skriver jag faktura med omvänd moms?,"Faktura utan moms, med texten: ""Omvänd skattskyldighet, byggtjänst — köparen redovisar momsen. 1 kap. 2 § 4 b ML"". Saknas texten → Skatteverket kan kräva säljaren betalar momsen själv.",ML 11 kap. 8 §,,Zaragoza AB,sv
omvand-004,omvand-moms,Gäller omvänd moms på material?,"Nej, rent materialförsäljning utan tjänst är normal moms 25%. Om materialet är integrerat i tjänsten (t.ex. installation) räknas allt som byggtjänst → omvänd moms på helheten.",Skatteverkets ställningstagande,,Zaragoza AB,sv
omvand-005,omvand-moms,Gäller omvänd moms för privatkund?,"Nej, aldrig. Omvänd moms gäller endast B2B mellan byggföretag. Privatkund får alltid normal moms 25%.",ML 1 kap. 2 §,,Zaragoza AB,sv
omvand-006,omvand-moms,Vad händer om omvänd moms tillämpas felaktigt?,Säljaren blir skyldig momsen + räntan. Om säljaren missar texten på fakturan kan Skatteverket kräva att säljaren tar emot momsen från kunden själv. Komplex situation — rådgör med redovisningskonsult.,Skatteverket,,Zaragoza AB,sv
omvand-007,omvand-moms,Hur rapporteras omvänd moms på deklaration?,"Säljare: ruta 35 (försäljning med omvänd skattskyldighet). Köpare: ruta 24 (inköp), ruta 48 (utgående moms) och ruta 49 (ingående moms att dra av). Netto-effekt neutral vid full avdragsrätt.",Skatteverket,,Zaragoza AB,sv
omvand-008,omvand-moms,Vad är 'byggtjänst' enligt lagen?,"Arbete med byggnader, markarbeten, installationer (VVS, el). Ej: rent material, projektering (arkitekt), maskinuthyrning utan operatör. Gränsfall: byggstädning (omvänd om del av byggprojekt).",ML 1 kap. 2 §,,Zaragoza AB,sv
personal-001,personalliggare,Vad är personalliggare?,Register över alla personer som arbetar på byggarbetsplats. Lagstadgat sedan 2016 för byggen över 4 prisbasbelopp (~232 000 SEK 2026). Varje in- och utcheckning registreras. Skatteverket kontrollerar oannonserat.,SFS 2014:1474; Lag 2006:575,,Zaragoza AB,sv
personal-002,personalliggare,Vem är ansvarig för personalliggaren?,"Byggherren (fastighetsägaren) är primärt ansvarig, men kan delegera till entreprenör via skriftligt avtal. Byggherren kan dock aldrig helt friskriva sig.",Lag 2006:575,,Zaragoza AB,sv
personal-003,personalliggare,Vad är sanktionen vid bristfällig personalliggare?,"12 500 SEK per person som saknas i registret. Kontrollavgift 25 000 SEK om ingen liggare alls finns. Upprepad brist → bygget kan stoppas, F-skatt kan dras in.",Skatteverket,,Zaragoza AB,sv
personal-004,personalliggare,När krävs personalliggare?,"Vid byggkostnad över 4 prisbasbelopp (~232 000 SEK 2026), inklusive moms och material. Under denna nivå: ej obligatoriskt men rekommenderat för större projekt.",Skatteverket,,Zaragoza AB,sv
personal-005,personalliggare,Krävs personalliggare för privatperson som bygger själv?,"Nej, om byggherren är privatperson OCH bygger för eget bruk OCH inte anlitar F-skattregistrerade underentreprenörer. Vid ROT-avdrag: personalliggare krävs om byggkostnad > 4 pbb.",Skatteverket,,Zaragoza AB,sv
personal-006,personalliggare,Kan personalliggaren föras elektroniskt?,"Ja, rekommenderas. Digital liggare (app eller system som FieldForce, Entreprenörslista etc.) förenklar registrering och ökar compliance. Papper är också tillåtet.",Skatteverket,,Zaragoza AB,sv
personal-007,personalliggare,Hur länge ska personalliggaren sparas?,Minst 2 år efter bygget avslutas. Skatteverket kan begära in historiska register vid kontroll eller revision.,Skatteverket,,Zaragoza AB,sv
personal-008,personalliggare,Räknas leverantörer och besökare i personalliggaren?,"Alla som utför arbete på arbetsplatsen räknas. Kort besök (leverans, inspektion utan fysiskt arbete) är gränsfall. Säkraste praxis: registrera alla som stannar över 15 minuter.",Skatteverket,,Zaragoza AB,sv
tak-001,takläggning,Vad kostar ett takbyte?,"Beror på material och storlek: tegelpannor 1 500-2 500 SEK/m², plåttak 900-1 800 SEK/m², papp/filt 600-1 200 SEK/m² (2026, Skåne). Ett genomsnittligt tak på 120 m²: 180 000-300 000 SEK totalt.",Branschindex 2026,taklaggning,Zaragoza AB,sv
tak-002,takläggning,Hur länge håller ett takbyte?,"Tegelpannor 40-60 år, betongpannor 30-50 år, plåttak 40-70 år, papp/filt 15-30 år. Livslängden påverkas av underhåll och takets exponering. Zaragoza AB ger 10-årig garanti på arbetsutförande.",Materialspecifikationer,taklaggning,Zaragoza AB,sv
tak-003,takläggning,Behövs bygglov för takbyte?,"Vid byte till samma taktyp och färg: oftast inget bygglov. Vid ändrat utseende (annan färg, annat material) krävs bygglov. I detaljplanerat område oftast strikta regler om taktyp.",PBL 9 kap. 2 §,,Zaragoza AB,sv
tak-004,takläggning,Ger takbyte ROT-avdrag?,"Ja, takbyte ger ROT på arbetskostnaden (30%, max 50 000 SEK/person/år). Material är inte ROT-berättigat. Zaragoza AB hanterar ROT direkt på fakturan.",Inkomstskattelagen 67 kap.,taklaggning,Zaragoza AB,sv
tak-005,takläggning,Vilka tecken på att taket behöver bytas?,"Spruckna/förskjutna pannor, mossa och lav, läckande vatten inomhus, synlig korrosion på plåttak, slita takpapp med blåsor. Inspektera taket vår och höst.",Branschpraxis,takinspektion,Zaragoza AB,sv
tak-006,takläggning,Kan jag lägga solceller på taket?,"Ja, solceller ger ofta inget bygglov utanför kulturskyddade områden. Taket bör ha god bärighet och vara mindre än 10 år gammalt eller klara 25+ år till. Normalt omvänt moms för installatör.",PBL 9 kap. 3 c §,,Zaragoza AB,sv
tak-007,takläggning,Vad är underlagstäckning?,Vattentätt skikt (ofta takpapp eller diffusionsöppen duk) under det synliga taket. Kritiskt för läckagefrihet. Alla moderna tak har underlagstäckning enligt AMA Hus 2022.,AMA Hus 2022,,Zaragoza AB,sv
tak-008,takläggning,Måste takläggare ha behörighet?,"Ingen generell lagstadgad certifiering, men Byggföretagens takentreprenörsprogram ger kvalitetsstämpel. Plåtslagare kan behöva speciell kompetens. Zaragoza AB arbetar endast med certifierade takspecialister.",Branschpraxis,taklaggning,Zaragoza AB,sv
tak-009,takläggning,Vilken taklutning är bäst för svenska klimat?,22-45° är standard. Under 14° kräver extra tätning (låg lutning = stillastående vatten). Över 45° är ovanligt och fördyrar. Snörasrisk vid hög lutning; isrisk vid låg.,Boverket,,Zaragoza AB,sv
tak-010,takläggning,Hur hanterar jag snösäkerhet på taket?,Snörasskydd (snöstopp) krävs ofta på publika platser eller stora lutningar. Stege och takbrygga rekommenderas för säkert arbete. BBR kap. 8:2 reglerar taksäkerhet.,BBR 8,,Zaragoza AB,sv
tak-011,takläggning,Ska jag välja tegel eller plåt?,"Tegel: klassiskt utseende, 40-60 års livslängd, tyst, dyrare. Plåt: snabbare montage, 40-70 års livslängd, ljudligare i regn, billigare. Båda uppfyller BBR. Val beror på hus, budget och detaljplan.",Materialjämförelser,taklaggning-radgivning,Zaragoza AB,sv
tak-012,takläggning,Hur lång tid tar ett takbyte?,100-150 m² tak: 1-2 veckor vid bra väder. Komplexa tak med gårdar och kupoler: 3-4 veckor. Zaragoza AB planerar alltid med väderbuffert och kan leverera nyckelfärdigt.,Zaragoza AB erfarenhet,taklaggning,Zaragoza AB,sv
tak-013,takläggning,Vad händer om jag upptäcker asbest på taket?,"Asbestcement-tak (eternittak) var vanliga fram till 1982. Måste hanteras av certifierad sanerare. Arbetsmiljöverket kräver tillstånd och särskild utrustning. Dyr process, cirka 50-100% dyrare än vanlig demontering.",AFS 2006:1,asbestsanering-radgivning,Zaragoza AB,sv
tak-014,takläggning,Täcker hemförsäkringen takbyte?,Normalt inte planerat byte. Om taket blåser sönder i storm eller brand skadar det: ja. Åldersavdrag gäller — nytt tak kan ge pro-rata ersättning baserat på åldern.,Konsumenträttsliga nämnden,,Zaragoza AB,sv
tak-015,takläggning,Ska jag byta tak själv?,"Rekommenderas inte. Takarbete är farligt (fallrisk), kräver BBR-kunskaper, och ROT-avdrag gäller bara professionellt arbete. En felaktig läggning kan kosta mer än en professionell från start.",Arbetsmiljöverket,taklaggning,Zaragoza AB,sv
tak-016,takläggning,Kan jag måla plåttaket istället för att byta?,"Ja, om plåten är strukturellt intakt och bara ytskiktet har slitits. Takmålning kostar 300-500 SEK/m² och förlänger livslängden 10-15 år. Kräver noggrann förbehandling. ROT-berättigat.",Branschpraxis,takmalning,Zaragoza AB,sv
tak-017,takläggning,Vad är Jackrafter och vad gör den?,Jackrafter (jackbalk) är en snedställd takbalk som ansluter till hörnbalkar (hip rafters) vid valmade tak. Möjliggör komplex takform. Konstruktionsmässigt mer krävande än vanlig takstol.,Träkonstruktion,,Zaragoza AB,sv
tak-018,takläggning,Vilken isoleringsnivå krävs i taket?,"BBR 2026: U-värde max 0,13 W/m²K (≈ 350 mm mineralull). Passivhus: ännu bättre (0,08-0,10). Zaragoza AB isolerar enligt aktuell BBR + klientönskemål.",BBR 9,takisolering,Zaragoza AB,sv
tak-019,takläggning,Kan jag byta bara en del av taket?,"Ja, men oftast slöseri. Nytt material blandas med gammalt → ojämn åldring, senare helbyte dyrare. Om bara en mindre sektion är skadad (läckage, stormskada): punktvis reparation är rimligt.",Branschpraxis,,Zaragoza AB,sv
tak-020,takläggning,Hur påverkas takval av detaljplan i Helsingborg?,"Äldre Helsingborg-kvarter har ofta strikta detaljplaner om tegelfärg (röd, svart), lutning, och takform. Stadsbyggnadsförvaltningen kan snabbt svara på planfråga. Zaragoza AB har erfarenhet av Helsingborgs kvartersregler.",Helsingborgs stad,bygglov-radgivning,Zaragoza AB,sv
fasad-001,fasadrenovering,Behöver jag bygglov för fasadrenovering?,"Byte till samma färg och material: oftast inget bygglov. Ändrat utseende (färg, material, fönsterstorlek): bygglov krävs enligt PBL. I detaljplanerat område är reglerna ofta strikta.",PBL 9 kap. 2 §,,Zaragoza AB,sv
fasad-002,fasadrenovering,Vad kostar en fasadrenovering?,"Putsad fasad 600-1 200 SEK/m², träpanel 500-1 100 SEK/m², tegel 1 200-2 200 SEK/m² (2026). 150 m² fasad: 90 000-200 000 SEK arbete + material.",Branschindex 2026,fasadrenovering,Zaragoza AB,sv
fasad-003,fasadrenovering,Hur ofta behöver fasaden målas om?,"Träpanel 6-12 år beroende på kvalitet och väder. Putsad fasad 15-25 år. Tegel mindre ofta, främst fogning var 20-30 år. Zaragoza AB erbjuder 5-års garanti på utfört fasadarbete.",Branschpraxis,fasadmalning,Zaragoza AB,sv
fasad-004,fasadrenovering,Ger fasadarbete ROT-avdrag?,"Ja, fasadrenovering, fasadmålning, isolering och fönsterbyte ger alla ROT på arbetskostnaden.",Inkomstskattelagen 67 kap.,fasadrenovering,Zaragoza AB,sv
fasad-005,fasadrenovering,Vad är tilläggsisolering av fasad?,Extern isolering (vanligen mineralull eller EPS) med nytt ytskikt utanpå. Minskar värmeförluster 20-40%. Kräver ofta bygglov eftersom huset blir större. ROT-berättigat.,BBR 9,tillaggsisolering,Zaragoza AB,sv
fasad-006,fasadrenovering,Hur länge tar fasadrenovering?,"Medelstort hus (150 m² fasad): 2-4 veckor beroende på material. Träpanel snabbare, puts längre (torkning mellan skikt). Regn och kyla förlänger. Optimalt: maj-september.",Zaragoza AB erfarenhet,fasadrenovering,Zaragoza AB,sv
fasad-007,fasadrenovering,Vad är putsfasad?,Puts är ett cement- eller kalkbaserat ytskikt som appliceras i flera lager på murverk eller isolering. Ger slätt eller strukturerat utseende. Vanligt i Skåne. Kräver underhåll var 15-25 år.,AMA Hus,,Zaragoza AB,sv
fasad-008,fasadrenovering,Kan jag ändra färg på fasaden?,"Ofta ja, men i detaljplanerat område eller kulturmiljö kan färgändring kräva bygglov. Helsingborgs stad har riktlinjer för äldre kvarter. Kontrollera med Stadsbyggnadsförvaltningen.",Helsingborgs stad,bygglov-radgivning,Zaragoza AB,sv
fasad-009,fasadrenovering,Vad är skillnaden mellan Weber och KC-bruk?,"KC-bruk (kalkcement) är traditionell svensk putsmix. Weber är ett fabriksmärke med moderna prestandablandningar (styrka, diffusionsöppenhet). Båda fungerar; Weber är dyrare men mer förutsägbart.",Materialtillverkare,,Zaragoza AB,sv
fasad-010,fasadrenovering,Kan jag kombinera fasadrenovering och fönsterbyte?,"Rekommenderas. Fönsterbyte är lättare under fasadarbetet (ställning finns, hål kan justeras). Ekonomisk synergi. ROT-avdrag gäller båda.",Branschpraxis,fasadrenovering,Zaragoza AB,sv
fasad-011,fasadrenovering,Hur vet jag om fasaden har fuktskador?,"Tecken: flagnande puts, missfärgade fläckar, salt-utfällningar, mjuk/smulig puts vid knackning. Invändigt: mögel, lukt, fläckar nära yttervägg. Zaragoza AB erbjuder gratis fasadinspektion i Helsingborg.",Fuktkontrollcentrum,fasadinspektion,Zaragoza AB,sv
fasad-012,fasadrenovering,Ska jag välja trä eller puts på fasaden?,"Trä: traditionellt, värmande utseende, 6-12 års underhåll. Puts: modernt/klassiskt, 15-25 års underhåll, tål eld bättre. Skåne har tradition av både. Val beror på hus, grannar, budget.",Arkitektur Sverige,fasadrenovering-radgivning,Zaragoza AB,sv
kok-001,koksrenovering,Vad kostar en köksrenovering?,"Totalrenovering (15-20 m² kök): 150 000-500 000 SEK. IKEA-standard låg, specialsnickare och stenbänk hög. Arbetskostnad 40-60%. ROT-avdrag på arbetet. 2026 genomsnitt i Helsingborg: 250 000 SEK.",Branschindex 2026,koksrenovering,Zaragoza AB,sv
kok-002,koksrenovering,Hur lång tid tar köksrenovering?,"Planering 2-4 veckor, byggtid 3-6 veckor (inklusive el, VVS, golv, vitvaror). Totalt 2-3 månader från avtal till inflyttning. Zaragoza AB levererar nyckelfärdigt kök i Helsingborg.",Zaragoza AB erfarenhet,koksrenovering,Zaragoza AB,sv
kok-003,koksrenovering,Behöver jag bygglov för köksrenovering?,"Normalt inte, om det är inom befintliga ytor. Om du flyttar bärande vägg eller utökar köket: bygglov krävs. VVS-installation och el är anmälningspliktiga separat.",PBL 9 kap.,,Zaragoza AB,sv
kok-004,koksrenovering,Ger köksrenovering ROT-avdrag?,"Ja, alla arbetskostnader ger ROT: rivning, snickeri, el, VVS, kakel, golv. Vitvaror och stommar är material (inget ROT). Zaragoza AB separerar arbete/material på fakturan.",Inkomstskattelagen 67 kap.,koksrenovering,Zaragoza AB,sv
kok-005,koksrenovering,Vad ska jag tänka på vid köksplanering?,Arbetsflöde: spis-diskho-kylskåp trekant. Ergonomi: bänkhöjd anpassad. Belysning: allmänt + arbetsbelysning. Ventilation: kraftig fläkt nära spis. Elcentral: tillräcklig kapacitet för induktion.,Boverket; Ergonomiska riktlinjer,koksplanering,Zaragoza AB,sv
kok-006,koksrenovering,Går det att behålla stommarna?,"Ja, om de är i bra skick och passar ny planering. Byte av enbart luckor och bänkskiva sparar 30-50% av kostnaden. Zaragoza AB erbjuder både renovering av befintligt och totalbyte.",Branschpraxis,koksrenovering,Zaragoza AB,sv
kok-007,koksrenovering,Vad är skillnaden mellan laminat och stenbänk?,"Laminat: 1 500-3 500 SEK/lm, 10-15 års livslängd, känslig för värme och repor. Sten (granit, kvartskomposit): 5 000-12 000 SEK/lm, 30+ års livslängd, tålig. Investering vs budget.",Materialjämförelser,,Zaragoza AB,sv
kok-008,koksrenovering,Hur väljer jag induktion eller gas?,"Induktion: snabbare, energieffektivare, lättare att rengöra, kräver induktionskompatibla kastruller och grövre elinstallation. Gas: klassisk kockpreferens, kräver gasledning. Induktion vanligare i svensk köksrenovering.",Energimyndigheten,,Zaragoza AB,sv
kok-009,koksrenovering,Vilken köksfläkt ska jag välja?,"Frånluftsfläkt (extern): bäst lukteffektivitet, kräver håltagning i yttervägg. Kolfilter (intern): återcirkulerar luft, mindre effektiv. Lägsta flöde 540 m³/h för matlagningsdugliga kök enligt BBR.",BBR 6,,Zaragoza AB,sv
kok-010,koksrenovering,Ska jag byta köksgolv under renoveringen?,"Starkt rekommenderat. Nytt golv under stommarna förenklar framtid underhåll. Populärt i kök: klinker (tåligt, lätt att rengöra), vinyl (mjukt under fötterna, vattentåligt), massivt trä (klassiskt, känsligt för vatten).",Golvbransch,golvlaggning,Zaragoza AB,sv
kok-011,koksrenovering,Är öppet kök eller stängt bättre?,"Öppet (kök integrerat med vardagsrum): socialt, ljust, modernt. Stängt: mindre matos/lukter, lättare att dölja röra. Öppet köp kräver kraftigare fläkt. Val är estetiskt och praktiskt.",Arkitekturval,koksplanering,Zaragoza AB,sv
kok-012,koksrenovering,Vilken kökskran är bäst?,"Enspakmixer med sidofläns är standard. Kvalitet: Gustavsberg, Oras, Grohe. Viktigt: termostatventil (skydd mot brännskador), vridbar pip, pull-out-spray. Säker Vatten-certifierat montage rekommenderas.",Säker Vatten,,Zaragoza AB,sv
kok-013,koksrenovering,Måste vatten/avlopp göras om?,Vid flyttning av diskho eller spis: ja. Om samma placering: sällan nödvändigt men bra tillfälle att byta åldriga stammar. Zaragoza AB arbetar med Säker Vatten-certifierade VVS.,BBR 6,vvs-installation,Zaragoza AB,sv
kok-014,koksrenovering,Hur bred ska diskho och kök vara?,"Minsta gångpassage mellan kök-ö och bänk: 90 cm, helst 120 cm. Diskho: 40 cm bred för små kök, 60-80 cm för stora. Arbetsytor: minst 60 cm på vardera sida av spis.",Ergonomiska riktlinjer,koksplanering,Zaragoza AB,sv
kok-015,koksrenovering,Behöver jag bärande balk vid köksöppning?,"Om du tar ned en bärande vägg: ja, strukturell balk krävs. Byggtekniker/konstruktör beräknar dimensionen. Utan bärande beräkning: säkerhetsrisk och bygglovsbrott. Zaragoza AB samarbetar med konstruktörer för korrekta beräkningar.",BBR 2,koksrenovering,Zaragoza AB,sv
badrum-001,badrumsrenovering,Vad kostar en badrumsrenovering?,Totalrenovering 4-6 m² badrum: 150 000-400 000 SEK (2026). Arbetskostnad 50-70%. Sten och exklusiva vitvaror gör det dyrare. ROT på arbetet. Zaragoza AB genomsnitt i Helsingborg: 200 000 SEK.,Branschindex 2026,badrumsrenovering,Zaragoza AB,sv
badrum-002,badrumsrenovering,Hur lång tid tar en badrumsrenovering?,"3-6 veckor för totalrenovering inklusive tätskikt, kakel, VVS, el, ventilation. Torktid för tätskikt kan förlänga. Zaragoza AB levererar nyckelfärdigt badrum med Säker Vatten-certifiering.",Säker Vatten,badrumsrenovering,Zaragoza AB,sv
badrum-003,badrumsrenovering,Behövs bygglov för badrumsrenovering?,Normalt inte om inom befintliga ytor. Flyttning av vattenuttag/avlopp är VVS-anmälan till kommunen. Nya våtrum i tidigare torrt utrymme: kontakta byggnadsnämnd.,PBL 9 kap.; BBR 6,,Zaragoza AB,sv
badrum-004,badrumsrenovering,Vad är våtrumscertifikat?,"Intyg att arbetet utförts enligt branschregler (BBV Byggkeramikrådets branschregler, eller Säker Vatten). Krävs vid försäkringsskada; gör även försäljning enklare.",BKR; Säker Vatten,badrumsrenovering,Zaragoza AB,sv
badrum-005,badrumsrenovering,Vad är tätskikt i badrum?,Vattentätt skikt under kakel/klinker som förhindrar vatten från att nå bärande konstruktion. Måste vara godkänd av BBV för svenska badrum. Felaktigt tätskikt = försäkringen betalar inte skada.,BBV,badrumsrenovering,Zaragoza AB,sv
badrum-006,badrumsrenovering,Hur ofta ska jag byta badrummet?,"Moderna våtrum 20-30 år om underhållet är bra. Tecken på behov av byte: missfärgat tätskikt, läckage, fuktfläckar i angränsande rum. Zaragoza AB erbjuder gratis våtrumsinspektion.",Branschpraxis,vatrumsinspektion,Zaragoza AB,sv
badrum-007,badrumsrenovering,Ger badrumsrenovering ROT?,"Ja, alla arbetskostnader ger ROT (rivning, VVS, el, kakel, tätskikt, montering av sanitet). Material är inte ROT-berättigat. Zaragoza AB delar upp korrekt.",Inkomstskattelagen 67 kap.,badrumsrenovering,Zaragoza AB,sv
badrum-008,badrumsrenovering,Ska jag ha badkar eller dusch?,"Dusch: mindre plats, lägre vattenförbrukning, moderna preferenser. Badkar: familjerna med små barn, värderas vid försäljning. Kombination (badkar med duschfunktion) är klassisk kompromiss.",Branschdata,badrumsplanering,Zaragoza AB,sv
badrum-009,badrumsrenovering,Måste jag ha mekanisk ventilation i badrum?,"Ja, enligt BBR kap. 6. Frånluftsfläkt med minimum 15 l/s kontinuerligt flöde, eller 30 l/s under dusch. Gärna styrt av fukt eller närvaro. FTX-aggregat bäst.",BBR 6,ventilation-badrum,Zaragoza AB,sv
badrum-010,badrumsrenovering,Vad är golvvärme i badrum?,"Elektrisk eller vattenburen värmekabel/matta under kakel. Standard i svenska moderna badrum. Bekvämt, minskar fukt, snabbtorkande golv. Installeras av certifierad elektriker/VVS. ROT-berättigat.",BBR 9,golvvarme,Zaragoza AB,sv
badrum-011,badrumsrenovering,Vilken toalett ska jag välja?,"Sittande standard: Duravit, Gustavsberg, Ifö. Vägghängd (modernt, lätt att städa): kräver inbyggd spolning. Dusch-WC (elektrisk): komfort men dyrare. Ekologiska med dubbel spolning sparar vatten.",Materialjämförelse,,Zaragoza AB,sv
badrum-012,badrumsrenovering,Kan jag renovera badrum i bostadsrätt?,"Ja, med föreningens godkännande. Stadgarna avgör gränserna: vanligen får du renovera innanför ytskikt men inte ändra rör/elcentral utan tillstånd. Våtrumscertifikat krävs av många föreningar.",Bostadsrättslagen,badrumsrenovering-br,Zaragoza AB,sv
badrum-013,badrumsrenovering,Vad är BBR-krav på badrum?,"BBR 6: tätskikt enligt branschregler, mekanisk ventilation minst 15 l/s, fallförhållanden mot golvbrunn, skyddszon för elektriska apparater, tillgänglighet (vid nybyggnad av flerbostadshus).",BBR 6,,Zaragoza AB,sv
badrum-014,badrumsrenovering,Hur stor ska golvbrunnen vara?,Rekommenderat 150×150 mm (minst) för huvudbrunn. För rullstolsanpassning och bra avrinning: 400×400 mm linjebrunn. Enligt BBR ska lutning mot brunnen vara 1:50 till 1:80 på golvet.,BBR 6,,Zaragoza AB,sv
badrum-015,badrumsrenovering,Vilka elinstallationer gäller i badrum?,Strikt zonindelning (zon 0-3) reglerar var elapparater får placeras. Endast behörig elinstallatör får arbeta. Jordfelsbrytare RCD 30 mA obligatoriskt. Elsäkerhetsverket övervakar.,ELSÄK-FS,elinstallation,Zaragoza AB,sv
badrum-016,badrumsrenovering,Vad kostar bara kakel-byte i badrum?,"Ca 1 500-3 500 SEK/m² inklusive rivning av gammalt kakel, nytt tätskikt, fog, fallarbete. Ett 5 m² badrum: ca 80 000-150 000 SEK (2026).",Branschindex 2026,kakelmontering,Zaragoza AB,sv
badrum-017,badrumsrenovering,Vilken tätskiktsmetod är bäst?,"Tätskiktsystem från etablerade tillverkare (Weber, Kiilto, Schönox) med folie eller flytande tätskikt. Alla ska vara BBV-godkända. Korrekt utförande viktigare än märke.",BBV,,Zaragoza AB,sv
badrum-018,badrumsrenovering,Hur lång garanti ska jag få på badrumsrenovering?,Branschstandard: 2 år på utförande enligt konsumenttjänstlagen. Men dolda fel kan reklameras i upp till 10 år enligt ABS18. Zaragoza AB ger 5 års utökad utförandegaranti på våtrum.,ABS18; Konsumenttjänstlagen,badrumsrenovering,Zaragoza AB,sv
badrum-019,badrumsrenovering,Vad är 'måttbeställda moduler' i badrum?,Alternativ till byggt-på-plats: förtillverkade väggmoduler med integrerat tätskikt och kakel. Snabbare montage (dagar istället för veckor). Måste dock ha BBV-godkännande för svensk standard.,BBV,,Zaragoza AB,sv
badrum-020,badrumsrenovering,Vad gör jag om jag upptäcker fuktskada under renovering?,"Stoppa arbetet, dokumentera (foton), kontakta försäkringsbolag för fuktskade-anmälan. Renoveringen kan bli dyrare. Zaragoza AB hanterar fuktsanering i samarbete med certifierad fuktkontrollant.",Svensk Fuktkontroll,fuktsanering,Zaragoza AB,sv
isolering-001,isolering,Vad kostar tilläggsisolering?,Väggar: 600-1 400 SEK/m² (intern) eller 800-1 800 SEK/m² (extern). Vind/tak: 200-500 SEK/m² vid åtkomlig vindsisolering. ROT-berättigat. Återbetalning 7-15 år i energibesparing.,Energimyndigheten,tillaggsisolering,Zaragoza AB,sv
isolering-002,isolering,Vilken isolering är bäst?,"Mineralull (Isover, Paroc): billigt, brandsäkert, vanligaste. Cellplast (EPS/XPS): lätt, okänslig för fukt, miljöfråga. Hampafiber, cellulosa: naturliga, lite dyrare. Val beror på plats och budget.",Materialjämförelser,,Zaragoza AB,sv
isolering-003,isolering,Hur tjock ska isoleringen vara?,"BBR 2026 krav: tak U-värde max 0,13 (350 mm mineralull), yttervägg max 0,18 (240 mm), källare max 0,20. Passivhus: ännu bättre. Zaragoza AB räknar per projekt.",BBR 9,isolering-berakning,Zaragoza AB,sv
isolering-004,isolering,Ger isolering ROT?,"Ja, tilläggsisolering av befintlig byggnad ger ROT. Nybyggnad: nej. Material är inte ROT-berättigat.",Inkomstskattelagen 67 kap.,,Zaragoza AB,sv
isolering-005,isolering,Varför är vindsisolering viktigt?,Varm luft stiger → 25-40% av värmeförluster går genom vindstak. Tillägg av mineralull (stor lättåtkomlig åtgärd) är en av bästa energiinvesteringarna. Återbetalning ofta 5-10 år.,Energimyndigheten,vindsisolering,Zaragoza AB,sv
isolering-006,isolering,Kan jag isolera källaren?,"Ja, från utsidan (bäst men dyrt — grävning) eller insidan (billigare men risk för fuktproblem om inte rätt utfört). Fuktspärr avgörande. Zaragoza AB gör både.",Svensk Fuktskydd,kallarisolering,Zaragoza AB,sv
isolering-007,isolering,Vad är U-värde?,"Värmegenomgångskoefficient, W/m²K. Lägre är bättre isolering. BBR 9 sätter gränsvärden för olika byggnadsdelar. Passivhus har extremt låga U-värden (0,08-0,10).",BBR 9,,Zaragoza AB,sv
isolering-008,isolering,Vad är köldbryggor?,Delar av konstruktionen med högre värmeledning (t.ex. betongbalkar genom isolering). Orsakar energiförluster och kondensproblem. Bör designas ut i modern byggnad. Zaragoza AB beaktar köldbryggor i alla projekt.,BBR 9,,Zaragoza AB,sv
isolering-009,isolering,Kan jag isolera mitt tak utifrån?,"Ja, s.k. ""varmt tak"" — isolering ovanpå takstolar. Fungerar bra vid takbyte. Alternativ: ""kallt tak"" med isolering ovanför innertak. Båda godtagbara enligt BBR.",BBR 9,takisolering,Zaragoza AB,sv
isolering-010,isolering,Vilken fuktspärr ska jag använda?,Diffusionsöppen vindskyddsduk utomhus (t.ex. Isola Tyvek). Dampspärrfolie (PE-film) på insidan av isolering för traditionell konstruktion. Intelligent dampbroms för diffusionsöppen konstruktion.,Materialtillverkare,,Zaragoza AB,sv
vvs-001,vvs,Vad kostar en VVS-installation?,Nytt badrum: 40 000-80 000 SEK VVS-arbete. Köksrör-flytt: 10 000-25 000 SEK. Stambyte i hus: 150 000-350 000 SEK. ROT på arbetet. Säker Vatten-certifierade VVS-installatörer är standard.,Branschindex 2026,vvs-installation,Zaragoza AB,sv
vvs-002,vvs,Vad är Säker Vatten?,"Certifiering för VVS-firmor som arbetar enligt branschregler (BBV-dokumenterat tätskikt, korrekta monteringsanvisningar). Försäkringsbolagens krav vid vattenskada. Zaragoza AB samarbetar med Säker Vatten-certifierade.",Säker Vatten,,Zaragoza AB,sv
vvs-003,vvs,Hur ofta ska jag byta rör?,"Kopparrör 50-80 år, plaströr 50 år, gjutjärnsavlopp 80-100 år. Om fläckar eller läckage: byt i god tid. Stambyte i flerfamiljshus oftast planeras när alla system åldrats samtidigt.",Branschpraxis,stambyte,Zaragoza AB,sv
vvs-004,vvs,Behöver jag tillstånd för VVS-arbete?,"Arbeten som påverkar gemensamma system (bostadsrätt: stammar och avlopp) kräver tillstånd. För enbostadshus: normalt inga myndighetstillstånd, men kommun kan kräva anmälan vid större ändringar.",BBR 6,,Zaragoza AB,sv
vvs-005,vvs,Vad är stambyte?,"Byte av gemensamma stammar (vatten, avlopp, värme) i flerbostadshus. Stort projekt (6-12 månader). Bostadsrätt: föreningen beslutar och ansvarar. Kostnad: 80 000-200 000 SEK per lägenhet.",Bostadsrättslagen,stambyte,Zaragoza AB,sv
vvs-006,vvs,Vad är en bergvärmepump?,"Värmepump som utnyttjar lagrad värme i marken (bergborrning 100-250 m djupt). Hög verkningsgrad (COP 4-5), låg driftskostnad. Investering 150 000-300 000 SEK. ROT på installation + 50% klimatbidrag möjligt.",Energimyndigheten,bergvarmepump,Zaragoza AB,sv
vvs-007,vvs,Kan jag ha golvvärme i hela huset?,"Ja, vattenburen golvvärme är vanlig ny-standard. Bra med värmepump. Kräver tjockare betongplatta/bjälklag. Elektrisk golvvärme är enklare men dyrare i drift. Kostnad 600-1 200 SEK/m² installation.",Golvvärme-branschen,golvvarme,Zaragoza AB,sv
vvs-008,vvs,Hur upptäcker jag vattenläcka i vägg?,"Tecken: missfärgade fläckar, mögellukt, höjd vattenräkning. Infraröd kamera och fuktmätare används av professionella. Försäkringsbolag förväntar sig anmälan inom dagar efter upptäckt.",Svensk Fuktkontroll,fuktkontroll,Zaragoza AB,sv
vvs-009,vvs,Är elradiatorer vs vattenburna bättre?,"Vattenburna: bättre ekonomi i drift med värmepump/fjärrvärme, jämnare värme. Elradiatorer: billigare installation, flexibel placering, dyrare drift. Val beror på husets värmekälla.",Energimyndigheten,,Zaragoza AB,sv
vvs-010,vvs,Vad är avloppsfett och varför viktigt?,Fett i avlopp stelnar och skapar proppar. Samlar krav på Skåne kommunernas avloppsnät. Privatpersoner: låt ha fett i en bur/soppåse. Restauranger och livsmedelsverksamhet: obligatorisk fettavskiljare.,VA-branschen,,Zaragoza AB,sv
vvs-011,vvs,Hur stort varmvattenberedare ska jag ha?,Tumregel: 50 l/person i hushållet. Modern med återladdning: 200-300 l räcker för familj 4 personer. Värmepump-varmvattenberedare effektivare men dyrare.,Branschdata,,Zaragoza AB,sv
vvs-012,vvs,Vad är OVK?,Obligatorisk Ventilationskontroll. Lagstadgad besiktning av ventilation i flerbostadshus och offentliga lokaler var 3-6 år. Genomförs av certifierad OVK-kontrollant.,SFS 2011:338,,Zaragoza AB,sv
vvs-013,vvs,Kan jag göra VVS själv?,"Enkla åtgärder (byte av packning, montering av nytt utrustning på befintliga anslutningar) ja. Allt som rör tätskikt, stammar, installation bakom vägg: professionell med Säker Vatten rekommenderat/krävt.",Säker Vatten,,Zaragoza AB,sv
vvs-014,vvs,Vad betyder 'fall' i avloppsrör?,"Lutning mot avloppet, mäts som mm per meter. Standard: 10-30 mm/m för avloppsrör. Fel fall → stopp eller stillastående vatten → läckage.",AMA VVS,,Zaragoza AB,sv
vvs-015,vvs,Är kombipanna vs separata system bättre?,"Kombipanna: värme + varmvatten i en enhet, kompakt, billigare. Separata: varmvattenberedare + panna, bättre vid stor varmvattenförbrukning, flexibelt. Modern hus: ofta värmepump + separat VV-ber.",Energimyndigheten,,Zaragoza AB,sv
el-001,elinstallation,Vad kostar en elinstallation?,Uttag/kontakter: 1 200-2 500 SEK/st. Ny elcentral: 15 000-40 000 SEK. Helt nytt husel: 80 000-200 000 SEK (beroende på storlek). ROT på arbetet. Behörig elinstallatör krävs.,Branschindex 2026,elinstallation,Zaragoza AB,sv
el-002,elinstallation,Måste jag ha behörig elinstallatör?,"Ja, alla fasta elinstallationer kräver behörig elinstallatör enligt elsäkerhetslag 2016:732. Privat ""fixing"" är olagligt och försäkringsbolag betalar inte skador från olovlig installation.",Elsäkerhetslag 2016:732,elinstallation,Zaragoza AB,sv
el-003,elinstallation,Hur verifierar jag elinstallatörens behörighet?,Elsäkerhetsverket har sökbar databas på elsakerhetsverket.se. Sök företagsnamn eller organisationsnummer — visar giltig behörighet. Kolla alltid innan arbetet börjar.,Elsäkerhetsverket,verifiera-elinstallator,Zaragoza AB,sv
el-004,elinstallation,Vad är jordfelsbrytare (RCD)?,Skyddsenhet som bryter strömmen vid jordfel (strömläckage till mark). Obligatorisk för uttag i våtrum och utomhus. Rekommenderat hela huset. Standard 30 mA utlösningsström.,ELSÄK-FS 2022:1,,Zaragoza AB,sv
el-005,elinstallation,Hur många uttag behöver jag?,"Kök: 8-12 stycken. Vardagsrum: 8-10. Sovrum: 4-6. Allmänt: gör fler än du tror behövs — att lägga till senare är dyrt. Gärna dedikerade grupper för högeffekt (spis, tvätt, värmepump).",Elinstallation standard,elinstallation,Zaragoza AB,sv
el-006,elinstallation,Kan jag byta lampor och strömbrytare själv?,"Byte av lampor och befintliga strömbrytare/uttag är tillåtet för privatpersoner, förutsatt rätt utrustning och försiktighet. Allt bortom det (nya installationer, flyttade kablar) kräver behörig elinstallatör.",ELSÄK-FS,,Zaragoza AB,sv
el-007,elinstallation,Vad är 3-fas vs 1-fas?,"3-fas: 400 V, hög kapacitet, krävs för spis, värmepump, elbilsladdning. 1-fas: 230 V, vanliga uttag. Moderna hus har 3-fas inkommande. Äldre hus (60-70-tal): ofta 1-fas, uppgradering 30 000-80 000 SEK.",Nätbolag,el-uppgradering,Zaragoza AB,sv
el-008,elinstallation,Behöver jag bygglov för solceller?,Normalt inget bygglov (sedan 2018) om takplacerat parallellt med takfall. Kulturskyddade byggnader kräver fortfarande lov. Anmälningspliktigt till nätbolag via installatör.,PBL 9 kap. 3 c §,solceller,Zaragoza AB,sv
el-009,elinstallation,Vilken elcentral ska jag ha?,"Modern elcentral med jordfelsbrytare, dvärgbrytare per grupp, plats för framtida utökning. Märken: ABB, Eaton, Hager. Dimensionering per familjestorlek och belastning. Elinstallatör räknar.",ELSÄK-FS,elcentral,Zaragoza AB,sv
el-010,elinstallation,Kan jag installera elbilsladdare själv?,"Nej. Elbilsladdare över 3,7 kW är fast installation → behörig elinstallatör. Kräver ofta dedikerad grupp och möjligen 3-fas. Kostnad: 15 000-35 000 SEK inklusive installation.",ELSÄK-FS,elbilsladdare,Zaragoza AB,sv
el-011,elinstallation,Hur ofta ska elcentralen kontrolleras?,"Ingen lagstadgad frekvens för enbostadshus, men vid köp av äldre hus är eltest rekommenderat. Elinstallatör kan göra ""teknisk elbesiktning"" för 3 000-8 000 SEK.",ELSÄK-FS,elbesiktning,Zaragoza AB,sv
el-012,elinstallation,Vad är kapslingsklass (IP)?,"IP-klass anger täthet mot damm/vatten (IP44 badrum, IP65 utomhus). Viktigt att välja rätt utrustning för miljön. Badrumsuttag måste vara minst IP44 enligt ELSÄK-FS.",IEC 60529,,Zaragoza AB,sv
el-013,elinstallation,Vad är rot-avdraget på elinstallation?,"30% av arbetskostnaden, max 50 000 SEK/person/år. Material är inte ROT. Zaragoza AB samarbetar med behöriga elinstallatörer som hanterar ROT direkt på fakturan.",Inkomstskattelagen 67 kap.,elinstallation,Zaragoza AB,sv
el-014,elinstallation,Vad är skillnaden mellan schuko och jordat uttag?,"Schuko (CEE 7/4) är jordat europauttag, standard i Sverige. Ojordad typ F används inte längre vid nybyggnad. Vid renovering av äldre hus bör alla ojordade uttag bytas till jordade.",CENELEC,,Zaragoza AB,sv
el-015,elinstallation,Ska jag investera i hemautomation?,KNX- eller ZigBee-baserad hemautomation tillför komfort och energibesparing (2-5% i drift). Investering 20 000-100 000 SEK för helhus. Installeras av specialiserad elinstallatör.,Branschdata,hemautomation,Zaragoza AB,sv
vent-001,ventilation,Vad är FTX-aggregat?,Från- och tilluft med värmeåtervinning. Återvinner 70-90% av värmen i utgående luft. Standard i moderna svenska hus. Sparar 15-30% av uppvärmningskostnaden.,BBR 6; Energimyndigheten,ftx-installation,Zaragoza AB,sv
vent-002,ventilation,Hur ofta ska ventilationsfiltret bytas?,Var 3-6 månader beroende på typ och plats. Smutsigt filter = sämre luftkvalitet och ökad energiförbrukning. Enkelt att byta själv. Filter kostar 200-800 SEK/set.,Branschpraxis,,Zaragoza AB,sv
vent-003,ventilation,Vad kostar en ventilationsinstallation?,"FTX i hus 150 m²: 80 000-180 000 SEK inklusive aggregat, kanaler, don. Hälsosam investering + energibesparing. ROT på arbetet.",Branschindex 2026,ftx-installation,Zaragoza AB,sv
vent-004,ventilation,Vad är OVK och när krävs det?,"Obligatorisk Ventilationskontroll. För flerbostadshus, offentliga och kommersiella lokaler var 3-6 år. Enbostadshus undantas. Certifierad kontrollant. Brister kan leda till åläggande.",SFS 2011:338,,Zaragoza AB,sv
vent-005,ventilation,Ger ventilationsinstallation ROT?,"Ja, arbetskostnaden på ny ventilation eller utbyte av befintlig i existerande hus ger ROT.",Inkomstskattelagen 67 kap.,,Zaragoza AB,sv
vent-006,ventilation,Vilken lägsta flödeshastighet enligt BBR?,"0,35 l/s per m² golvyta i bostäder som allmänt flöde. Kök: minst 10 l/s + 40 l/s under matlagning. Badrum: 15 l/s. Sovrum: 4 l/s/person.",BBR 6,,Zaragoza AB,sv
vent-007,ventilation,Kan jag ha självdrag i modern bostad?,Inte som primär ventilation i nybyggnad enligt BBR. Mekanisk frånluft eller FTX krävs. I äldre hus kan självdrag vara tillräckligt men energieffektivt dåligt.,BBR 6,,Zaragoza AB,sv
vent-008,ventilation,Vad är fläktstyrning genom fuktsensor?,Sensor i badrum/kök mäter luftfuktighet och ökar fläktflödet vid dusch/matlagning. Energi- och komforteffektivt. Standard på moderna FTX-aggregat.,BBR 6,,Zaragoza AB,sv
varme-001,varmesystem,Vilket värmesystem är billigast i drift?,"Bergvärmepump (COP 4-5): 8-15 kr/m²/år. Fjärrvärme: 12-20 kr/m²/år. Luftvärmepump: 15-25 kr/m²/år. Direktel: 40-60 kr/m²/år. Val beror på hus, klimat, elpriser.",Energimyndigheten,varmesystem-radgivning,Zaragoza AB,sv
varme-002,varmesystem,Hur länge håller en värmepump?,"Bergvärme: 20-25 år (kompressorn, borrhålet håller 100 år). Luftvärmepump: 12-18 år. Service vart 3-5:e år. Garantin är oftast 5-10 år, utökad kan köpas.",Branschdata,,Zaragoza AB,sv
varme-003,varmesystem,Ger värmepumpsinstallation ROT?,"Ja, installation är ROT-berättigad. Dessutom klimatbidrag från Naturvårdsverket för utbyte från fossila bränslen (upp till 50% av kostnaden för bergvärme).",Naturvårdsverket; Inkomstskattelagen,varmepumpsinstallation,Zaragoza AB,sv
varme-004,varmesystem,Vad kostar fjärrvärmeanslutning?,Anslutningsavgift 40 000-150 000 SEK beroende på kommun och avstånd. Månadskostnad därefter mellan 1 000-3 000 SEK för villa. Helsingborg har fjärrvärme i centrala områden.,Helsingborg Energi,,Zaragoza AB,sv
varme-005,varmesystem,Är solceller lönsamma för värme?,"Solceller producerar el som kan driva värmepump. Tillsammans bästa energi-ekonomi: ~40-60% självförsörjning årligen. Investering 100 000-250 000 SEK, återbetalning 8-15 år.",Energimyndigheten,solceller-varmepump,Zaragoza AB,sv
varme-006,varmesystem,Hur fungerar pelletspanna?,"Panna som brinner träpellets automatiskt. Förnybart, koldioxidneutral. Investering 60 000-120 000 SEK. Lagringsbehov för pellets. Moderna pannor har hög verkningsgrad (90-95%).",Svenska Trä,,Zaragoza AB,sv
varme-007,varmesystem,Vad är radiatorinjustering?,Balansering av värmeflöde till varje radiator för jämn värme i huset. Enkelt ingrepp som sparar 5-15% energi. Kostnad 5 000-15 000 SEK. Ofta bra efter nya fönster eller tilläggsisolering.,VVS-branschen,radiatorinjustering,Zaragoza AB,sv
varme-008,varmesystem,Kan jag byta panna själv?,"Nej, pannabyte kräver certifierad VVS-installatör. Gas kräver dessutom gaskort. Felaktig installation = försäkringsbolag betalar inte och risk för kolmonoxidförgiftning.",Säker Vatten,pannbyte,Zaragoza AB,sv
varme-009,varmesystem,Vad är kombinationsvärme?,"System som kombinerar två värmekällor, t.ex. värmepump + solceller, eller fjärrvärme + eldstad. Ger redundans och energioptimering. Dyrare installation men stabilare.",Energimyndigheten,,Zaragoza AB,sv
varme-010,varmesystem,Vad är primärenergital?,Mått på energiprestanda i BBR. Lägre är bättre. Nybyggd villa 2026: max 95 kWh/m²/år primärenergi. Används i energideklaration. Bergvärmepump + bra isolering når ofta 50-70.,BBR 9,,Zaragoza AB,sv
dolda-001,dolda-fel,Vad är dolda fel?,"Fel som inte syns vid besiktning men som köparen inte kunde upptäcka. Kan ligga i grunden, taket, väggar, rör, el. Säljaren ansvarar enligt Jordabalken 4 kap. vid fastighetsförsäljning.",Jordabalken 4 kap.,,Zaragoza AB,sv
dolda-002,dolda-fel,Hur länge gäller ansvaret för dolda fel?,Vid fastighetsköp: 10 år från tillträdet enligt Jordabalken. Vid konsumententreprenad (ABS18): 10 år efter slutbesiktning för dolda fel i byggnaden.,Jordabalken 4 kap.; ABS18,,Zaragoza AB,sv
dolda-003,dolda-fel,Kan jag reklamera dolda fel 5 år efter köp?,"Ja, inom 10-årsgränsen. Reklamation ska ske ""inom skälig tid"" efter upptäckten — praktiskt några månader till max 1 år. Senare kan rätten till reklamation förloras.",Jordabalken; Konsumenttjänstlagen,,Zaragoza AB,sv
dolda-004,dolda-fel,Hur bevisar jag dolda fel?,"Oberoende besiktningsman gör rapport. Fotodokumentation, datum, protokoll. Kostnad för åtgärd offerterad. Skicka skriftlig reklamation till säljare/byggfirma per rekommenderat brev.",Konsumentverket,dolda-fel-besiktning,Zaragoza AB,sv
dolda-005,dolda-fel,Vem betalar dolda fel?,Säljaren vid fastighetsköp (om inte besiktningsman kunnat upptäcka felet). Byggfirma vid entreprenadarbete. Försäkring kan träda in (säljare har ofta dolda-fel-försäkring).,Jordabalken; ABS18,,Zaragoza AB,sv
dolda-006,dolda-fel,Vad är dolda-fel-försäkring?,Frivillig försäkring för säljare av fastighet som täcker säljarens ansvar för dolda fel upp till ett avtalat belopp. Kostar 5 000-15 000 SEK beroende på hus.,Försäkringsbranschen,,Zaragoza AB,sv
dolda-007,dolda-fel,Kan jag anlita Zaragoza AB för dolda-fel-besiktning?,Zaragoza AB rekommenderar oberoende certifierad besiktningsman. Vi kan erbjuda teknisk second opinion och åtgärdsoffert om fel bekräftas.,Zaragoza AB tjänstekatalog,dolda-fel-radgivning,Zaragoza AB,sv
dolda-008,dolda-fel,Räknas radonhalt som dolt fel?,Kan vara det om säljaren visste. Radon över 200 Bq/m³ kräver åtgärder. Mät i hus du köper! Tvåårsmätning 2 000-5 000 SEK. Åtgärder kan kosta 30 000-100 000 SEK.,Strålsäkerhetsmyndigheten,radonmatning,Zaragoza AB,sv
dolda-009,dolda-fel,Räknas mögel som dolt fel?,"Ja, om det funnits vid tillträdet och inte upptäckts. Svartmögel i vägg/tak kan vara kostsamt att åtgärda (50 000-200 000 SEK). Säljare kan vara ersättningsskyldig.",Jordabalken 4 kap.,mogelinspektion,Zaragoza AB,sv
dolda-010,dolda-fel,Vad är besiktningsprotokoll värd?,"Juridisk dokumentation. Allt som står i protokollet är ""upptäckt"" → kan inte senare reklameras som dolt fel. Det som *inte* står i protokollet kan vara dolt fel.",Jordabalken,,Zaragoza AB,sv
dolda-011,dolda-fel,Kan jag kräva skadestånd utöver åtgärdskostnad?,"Ja, om du kan bevisa ekonomisk förlust (t.ex. tillfälligt boende under åtgärd). Tingsrätt avgör vid tvist. ARN (konsument) eller domstol (företag eller större belopp).",Skadeståndslagen,,Zaragoza AB,sv
dolda-012,dolda-fel,Är gamla el-installationer dolda fel?,"Om de inte uppfyller aktuella säkerhetskrav och säljaren inte informerat: ja, kan vara dolt fel. Men äldre hus har ofta äldre el och köparen bör räkna med åtgärder.",ELSÄK-FS,elbesiktning,Zaragoza AB,sv
verifiera-001,verifiera-byggfirma,Hur kontrollerar jag en byggfirma?,"9 steg: orgnr (allabolag), F-skatt (Skatteverket), ansvarsförsäkring, Byggföretagen, ID06, Säker Vatten (vid VVS), behörig elinstallatör (vid el), referenser, seriös offert. Zaragoza AB har verktyg på github.com/zaragoza-ab/entreprenor-verification-tool.",Konsumentverket,verifiera-byggfirma,Zaragoza AB,sv
verifiera-002,verifiera-byggfirma,Vad är en röd flagga i en offert?,"Krav på 50-100% förskottsbetalning, vaga beskrivningar utan mått, saknad avtalsreferens (ABS18/AB04), ingen F-skatt-verifiering, pressat tidsperspektiv, ovilja att visa försäkringsbrev.",Konsumentverket,,Zaragoza AB,sv
verifiera-003,verifiera-byggfirma,Vad är Byggföretagen?,"Svensk branschorganisation för byggföretag. Medlemskap är frivilligt men signalerar kvalitet — etiska krav, tvistlösning, fortbildning. Inte obligatoriskt för seriös firma men plusord.",Byggföretagen,,Zaragoza AB,sv
verifiera-004,verifiera-byggfirma,Vad gör jag om byggfirman ghostat mig?,Skriftlig reklamation (mejl/brev). Om ingen respons: ARN anmälan (konsument) eller tingsrätt. Förskott som inte använts → kräv tillbaka. Polisanmälan om misstanke om bedrägeri.,Konsumentverket; ARN,,Zaragoza AB,sv
verifiera-005,verifiera-byggfirma,Hur länge ska en firma ha funnits?,Minst 2-3 år rekommenderas för större projekt. Nystartade firmor kan vara seriösa men högre risk vid konkurs. Kontrollera allabolag för årsredovisning.,Branschpraxis,,Zaragoza AB,sv
verifiera-006,verifiera-byggfirma,Vad säger reco.se om firman?,"reco.se är svensk recensionsplattform. Läs recensioner, kolla betyg över 4/5. Vara skeptisk mot mycket få recensioner eller alla positiva inom kort tid (misstänkt).",reco.se,,Zaragoza AB,sv
verifiera-007,verifiera-byggfirma,Kan jag lita på offerta.se?,"Offerta.se samlar offerter från flera firmor. Användbart för prisjämförelse, men kvalitet varierar. Alltid verifiera den valda firman separat innan avtal.",offerta.se,,Zaragoza AB,sv
verifiera-008,verifiera-byggfirma,Vad är en säker betalningsstruktur?,"Milstolpe-baserad: 10-20% vid avtal, 30-40% vid halva arbetet, 30-40% vid färdigställning, 10-20% efter slutbesiktning. Aldrig 100% förskott. ABS18 reglerar konsumententreprenad.",ABS18,,Zaragoza AB,sv
verifiera-009,verifiera-byggfirma,Hur viktigt är det att byggherren kollar allt själv?,"Kritiskt. Även med seriös firma: ta foto under byggprocessen, läs alla dokument, delta i slutbesiktningen. Ansvar för att BBR uppfylls ligger på byggherren.",PBL,,Zaragoza AB,sv
verifiera-010,verifiera-byggfirma,Kan jag byta byggfirma mitt i projektet?,"Juridiskt ja, men ofta dyrt. Eventuellt förskott kan vara tappat. Ny firma kan vägra ta över ""halvdant"" jobb. Håll skriftliga avtal och dokumentera avvikelser för att reklamera.",ABS18,,Zaragoza AB,sv
verifiera-011,verifiera-byggfirma,Vad är försäkringsbeloppet jag ska kräva?,"Minst 10 MSEK ansvarsförsäkring för skador orsakade under arbetet. Begär kopia av försäkringsbrev, verifiera att den täcker hela projekttiden plus minst 2 år efter.",Branschpraxis,,Zaragoza AB,sv
verifiera-012,verifiera-byggfirma,Vad är underentreprenörer och varför viktigt?,"Firmor som huvudfirman anlitar för specialmoment (VVS, el, golv). Varje underentreprenör måste också ha F-skatt, försäkring, ID06. Huvudentreprenören ansvarar men du kan begära info.",Byggföretagen,,Zaragoza AB,sv
verifiera-013,verifiera-byggfirma,Hur stor är risken för bedrägeri?,"Oseriösa aktörer existerar, men riskerna är hanterbara med due diligence. Kolla de 9 stegen i entreprenor-verification-tool. Polisanmäl misstänkt bedrägeri direkt.",Polisen,verifiera-byggfirma,Zaragoza AB,sv
verifiera-014,verifiera-byggfirma,Vad säger allabolag om seriositet?,"Årsredovisningar (lönsamhet), antal anställda, styrelse. Långvarig lönsamhet + stabil personalbas = positivt. Plötsliga styrelsebyten, många konkurser i närliggande företag = varning.",allabolag.se,,Zaragoza AB,sv
verifiera-015,verifiera-byggfirma,Hur bedömer jag tidsplan i offert?,"Orealistiskt kort tid är röd flagga. Genomsnitt: badrum 3-6 veckor, kök 4-8 veckor, fasad 2-4 veckor, takbyte 1-2 veckor. Bufferttid inlagd = seriös planering.",Branschstandard,,Zaragoza AB,sv
verifiera-016,verifiera-byggfirma,Vad är slutbesiktning och varför viktigt?,"Genomgång där byggherren, KA och entreprenören dokumenterar om arbetet är färdigt enligt kontrakt. Avvikelser noteras. Inget slutbesked utan godkänd besiktning. Juridiskt tungt dokument.",ABS18; PBL,slutbesiktning,Zaragoza AB,sv
verifiera-017,verifiera-byggfirma,Måste jag ha besiktningsman?,"Inte lagstadgat vid privatprojekt, men starkt rekommenderat vid större. Kostnad 5 000-15 000 SEK. Skyddar mot dolda fel, ger juridisk dokumentation.",SBR,besiktning,Zaragoza AB,sv
verifiera-018,verifiera-byggfirma,Kan jag kräva provbygge innan?,"Vid exklusiva material (specialkakel, handgjord puts) är prov rimligt. Standard material: inte nödvändigt. Avtala skriftligt innan arbetet börjar.",Branschpraxis,,Zaragoza AB,sv
verifiera-019,verifiera-byggfirma,Vad är en bra referens?,"3-5 tidigare kunder med liknande projekt. Ring dem, fråga om: arbetskvalitet, tidplan, budget-disciplin, kommunikation, eftermarknadsservice. Varning om firman inte vill lämna ut.",Branschpraxis,,Zaragoza AB,sv
verifiera-020,verifiera-byggfirma,Vad kännetecknar en seriös byggfirma i Helsingborg?,"Permanent kontor/verkstad, långvarig lokal närvaro, Byggföretagen-medlem, Säker Vatten vid VVS, uppdaterat ID06, konkreta lokala referenser, öppet med alla dokument. Zaragoza AB uppfyller alla dessa kriterier.",Helsingborgs byggbransch,zaragoza-ab-offert,Zaragoza AB,sv
kontrakt-001,kontrakt,Vad är ABS18?,Standardavtal för konsumententreprenad. Reglerar förhållandet mellan privatperson och byggfirma vid renovering/byggnation. 10-årig ansvarstid för dolda fel. Starkt konsumentskydd.,Byggföretagen ABS18,,Zaragoza AB,sv
kontrakt-002,kontrakt,Vad är AB04?,"Standardavtal för utförandeentreprenad mellan företag (inte konsument). Beställaren ansvarar för projektering, entreprenören för utförandet. Används vid B2B-projekt.",Byggföretagen AB04,,Zaragoza AB,sv
kontrakt-003,kontrakt,Vad är ABT06?,"Totalentreprenad mellan företag. Entreprenören ansvarar för både projektering och utförande. Mer risk för entreprenören, mer bekvämt för beställaren. Priset högre.",Byggföretagen ABT06,,Zaragoza AB,sv
kontrakt-004,kontrakt,Vilket avtal ska jag använda som privatperson?,ABS18 — designat för privatkund. Balanserat konsumentskydd + professionella villkor. Kan kompletteras med parternas egna avtalsklausuler. Zaragoza AB använder alltid ABS18 för privatkund.,ABS18,avtal-radgivning,Zaragoza AB,sv
kontrakt-005,kontrakt,Kan jag skriva eget avtal?,"Juridiskt ja, men standardavtal som ABS18 är beprövat och rättvist. Egna avtal kan missa viktiga klausuler → senare tvist. Starkt rekommenderat att utgå från ABS18.",Konsumentverket,,Zaragoza AB,sv
kontrakt-006,kontrakt,Vad ska ett byggkontrakt innehålla?,"Parter, projektbeskrivning, tidsplan med milstolpar, prisspecifikation (arbete/material), betalningsvillkor, dröjsmålsbot, försäkring, avtalsreferens (ABS18), tvistelösning, underskrifter.",ABS18,avtal-radgivning,Zaragoza AB,sv
kontrakt-007,kontrakt,Är muntliga avtal bindande?,"Juridiskt ja, men svåra att bevisa. Alltid skriftligt vid byggprojekt. SMS/mejl räknas som skriftlig dokumentation vid tvist.",Avtalslagen,,Zaragoza AB,sv
kontrakt-008,kontrakt,Vad är ÄTA-arbeten?,"Ändringar, Tillägg, Avgående arbeten — avvikelser från ursprungligt kontrakt. Ska alltid offereras och godkännas skriftligen innan utförande. Oftast största orsaken till budgetöverskridande.",ABS18,,Zaragoza AB,sv
kontrakt-009,kontrakt,Hur hanteras ÄTA i ABS18?,Entreprenören ska ge skriftligt pris för ÄTA innan arbetet utförs. Beställaren godkänner skriftligen. Muntlig överenskommelse räknas sällan → tvist. Zaragoza AB dokumenterar alla ÄTA.,ABS18 6 kap.,,Zaragoza AB,sv
kontrakt-010,kontrakt,Kan jag säga upp ett byggkontrakt?,"Ja, men med ersättning till entreprenören för nedlagt arbete + skälig ersättning för utebliven vinst. Reglerat i ABS18. Alltid skriftlig uppsägning.",ABS18,,Zaragoza AB,sv
kontrakt-011,kontrakt,Vad är dröjsmålsbot?,"Kompensation för sen leverans. Vanligt 0,5-1% av kontraktsumman per påbörjad vecka. Begränsat upptill 10% av kontraktsumman. Reglerat i ABS18 § 22.",ABS18,,Zaragoza AB,sv
kontrakt-012,kontrakt,Vad är force majeure?,"Omständighet utanför parternas kontroll (pandemi, krig, naturkatastrof) som kan frita från ansvar. Vanlig klausul. Definitionen ska vara specifik — ""normal varukrigsbrist"" är oftast inte force majeure.",Avtalsrätt,,Zaragoza AB,sv
arbetsmiljo-001,arbetsmiljo,Vad är arbetsmiljöplan?,Planeringsdokument för arbetsmiljö på byggarbetsplats. Obligatoriskt enligt AFS 1999:3 vid projekt över 500 personarbetsdagar eller med särskilt farliga arbeten. Ansvarig: byggherren.,AFS 1999:3,,Zaragoza AB,sv
arbetsmiljo-002,arbetsmiljo,Vad är BAS-P och BAS-U?,"Byggarbetsmiljösamordnare: P (projektering) i projekteringsfas, U (utförande) på byggplatsen. Kan vara samma eller olika personer. Kompetenskrav enligt AFS 2008:16.",AFS 2008:16,,Zaragoza AB,sv
arbetsmiljo-003,arbetsmiljo,Vilken PPE krävs på byggplats?,"Hjälm, skyddsskor, synbart skyddskläder (varselklass), handskar. Vid specifika risker: hörselskydd, andningsskydd, skyddsglasögon, sele vid höjdarbete.",AFS 2001:3,,Zaragoza AB,sv
arbetsmiljo-004,arbetsmiljo,Hur länge får man arbeta på höjd utan säkring?,"Aldrig utan säkring över 2 meter. Sele eller kollektivt skydd (ställning, räcke) krävs. Bryt mot regel = sanktionsavgift + olycksrisk.",AFS 2020:1,,Zaragoza AB,sv
arbetsmiljo-005,arbetsmiljo,Vad är skyddsrond?,"Regelbunden rundgång där BAS-U, skyddsombud och arbetsledare kontrollerar säkerheten på byggplatsen. Veckovis som minimum. Protokoll förs med åtgärder och deadlines.",AFS 1999:3,,Zaragoza AB,sv
arbetsmiljo-006,arbetsmiljo,Måste jag rapportera tillbud?,"Ja, alla tillbud (nästan-olyckor) ska rapporteras enligt AFS 2001:3. Allvarliga till Arbetsmiljöverket direkt. Används för att förebygga framtida olyckor.",AFS 2001:3,,Zaragoza AB,sv
arbetsmiljo-007,arbetsmiljo,Vad är kvartsdamm?,"Dammpartiklar från betong, tegel, puts — kräftframkallande. Kräver vattendimma/dammsugning vid sågning/håltagning, FFP3-andningsskydd. Arbetsmiljöverket sanktionerar bristande skydd.",AFS 2015:2,,Zaragoza AB,sv
arbetsmiljo-008,arbetsmiljo,Vem är ansvarig för arbetsmiljön?,Byggherren övergripande. BAS-P och BAS-U operativt. Arbetsgivare för sin personal. Arbetare har också eget ansvar att följa regler. Skyddsombud kan stoppa farligt arbete.,AML; AFS,,Zaragoza AB,sv
arbetsmiljo-009,arbetsmiljo,Kan skyddsombud stoppa arbetet?,"Ja, vid omedelbar och allvarlig fara. Kallas ""stoppningsrätt"" enligt AML 6 kap. 7 §. Arbetet återupptas efter att faran åtgärdats eller Arbetsmiljöverket beslutat.",AML 6 kap.,,Zaragoza AB,sv
arbetsmiljo-010,arbetsmiljo,Vad är asbestsanering?,"Certifierad borttagning av asbesthaltigt material (tak, rör, isolering). Måste göras av Arbetsmiljöverket-auktoriserad firma. Strikt avfallshantering. Kostnad 3-5x vanlig demontering.",AFS 2006:1,asbestsanering,Zaragoza AB,sv
kostnad-001,kostnader,Vad kostar ett nybyggt hus?,Nyckelfärdig villa 130 m² i Skåne: 4-6 MSEK (2026) inklusive mark. Byggnadskostnad: 25 000-40 000 SEK/m². Markkostnad varierar kraftigt per kommun.,Branschindex 2026,,Zaragoza AB,sv
kostnad-002,kostnader,Hur jämför jag offerter?,"Begär uppdelning arbetskostnad/material, fråga efter samma specifikation från alla, kontrollera ÄTA-policy, verifiera firmornas seriositet (alla 9 steg). Lägsta pris är inte alltid bästa.",Branschpraxis,offertjamforelse,Zaragoza AB,sv
kostnad-003,kostnader,Hur mycket dyrare blir projektet än offerten?,Genomsnittligt 10-25% över original offert p.g.a. ÄTA och överraskningar. Budgetera 15-20% marginal. Detaljerade offerter med tydlig specifikation minskar överraskningar.,Branschdata,,Zaragoza AB,sv
kostnad-004,kostnader,Vad är fast pris vs löpande räkning?,"Fast pris: entreprenören tar risken, prissäkert för beställare. Löpande: faktisk tid × timpris, risk för beställaren men flexibelt. ABS18 rekommenderar fast pris för privatperson.",ABS18,,Zaragoza AB,sv
kostnad-005,kostnader,Vilket timpris är rimligt för byggare?,Snickare: 550-800 SEK/h. VVS: 700-950 SEK/h. Elektriker: 700-900 SEK/h. Priser varierar per region och firma. Extra för helgarbete. Specialister kan vara dyrare.,Branschindex 2026,,Zaragoza AB,sv
kostnad-006,kostnader,Kan jag förhandla priset?,"Ja, ofta 5-15% är möjligt. Fråga om alternativa material, enklare lösningar, annan tidsplan. Aldrig pressa tid utan kvalitetsminskning. Zaragoza AB är öppen för dialog.",Branschpraxis,,Zaragoza AB,sv
kostnad-007,kostnader,Vad är kr/m² för renovering?,Kök: 10 000-30 000 SEK/m². Badrum: 30 000-80 000 SEK/m². Tillbyggnad: 18 000-32 000 SEK/m². Fasad: 600-2 200 SEK/m². Tak: 600-2 500 SEK/m². ROT på arbete ger 30% rabatt.,Branschindex 2026,,Zaragoza AB,sv
kostnad-008,kostnader,Kan jag få lån för renovering?,"Ja, bolån på belånad fastighet eller separat renoveringslån. Bank vill ha offert, bygglov (om relevant), projektbeskrivning. ROT-avdrag minskar effektiva lånebehovet.",Bankbranschen,,Zaragoza AB,sv
kostnad-009,kostnader,Hur mycket ökar min hus värde av renovering?,Kök + badrum: 80-120% av investeringen återfås vid försäljning. Takbyte: 60-80%. Helt nytt hus-estetik: 50-70%. ROT-berättigat arbete reducerar netto-kostnaden.,Hemnet Analys,,Zaragoza AB,sv
kostnad-010,kostnader,Vad kostar bygglov + projektering?,Bygglov: 25 000-50 000 SEK för enfamiljshus. Arkitekt/projektering: 50 000-200 000 SEK beroende på omfattning. KA: 15 000-40 000 SEK. Totalt 5-10% av byggkostnaden.,Branschindex 2026,bygglov-radgivning,Zaragoza AB,sv
kostnad-011,kostnader,Hur räknar jag ROT-rabatt i min budget?,"Ta arbetskostnaden × 30% = din rabatt, max 50 000/person/år. Ex: 200 000 SEK arbete × 30% = 60 000 SEK — kapad till 50 000 SEK om en person. Material är 100% utan rabatt.",Skatteverket,,Zaragoza AB,sv
kostnad-012,kostnader,Varför är priser högre i storstäder?,"Löner, lokaler och material högre. Skåne (Helsingborg, Malmö, Lund) ligger 5-15% över Sverigesnittet. Landsbygd 10-20% lägre. Zaragoza AB opererar i Skåne med marknadsmässiga priser.",SCB,,Zaragoza AB,sv
kostnad-013,kostnader,Vad är dolda kostnader i byggprojekt?,"Byggavfallshantering, bygglov-avgifter, arkitekt, KA, lägeskontroll, elkopplingar, tillfällig bostad (vid större renovering), försäkring, moms på egenbeställt material.",Branschpraxis,,Zaragoza AB,sv
kostnad-014,kostnader,Ska jag välja billigaste offerten?,"Ej alltid. Mycket lågt pris kan indikera: sämre material, svart arbete, okvalificerat arbete, planerat ÄTA. Välj baserat på verifikation + seriositet + pris — inte bara pris.",Konsumentverket,,Zaragoza AB,sv
kostnad-015,kostnader,Hur håller jag mig inom budget?,"Detaljerad specifikation, begränsa ÄTA, skriftlig dokumentation av ändringar, milestone-betalningar, kvalificerad besiktning, seriös firma. 15-20% buffert är realistisk.",Branschpraxis,projektrisk-hantering,Zaragoza AB,sv
bbr-001,bbr-pbl,Vad är BBR?,"Boverkets byggregler — Sveriges tekniska byggregler. Bindande regelverk för alla byggprojekt. Omfattar säkerhet, tillgänglighet, energi, hygien. Aktuell version BBR 29 (2024-2026).",BBR 29,,Zaragoza AB,sv
bbr-002,bbr-pbl,Vad är PBL?,"Plan- och bygglagen (SFS 2010:900). Styr planering av mark och vatten samt byggande. Grunden för bygglov, detaljplan, strandskydd och tillgänglighet.",PBL,,Zaragoza AB,sv
bbr-003,bbr-pbl,Vilken BBR-version gäller?,BBR 29 gäller från 1 juli 2024. Revideras med 2-5 års intervall. Krav gäller vid bygglovsansökan → gamla bygglov får slutföras enligt då gällande BBR.,Boverket,,Zaragoza AB,sv
bbr-004,bbr-pbl,Vad är energiprestanda enligt BBR?,Primärenergital (EP pet) mäts i kWh/m²/år. BBR 29 sätter gränsvärden per byggnadstyp. Ex: villa ~95 kWh/m²/år. Energideklaration redovisar värdet.,BBR 9,energideklaration,Zaragoza AB,sv
bbr-005,bbr-pbl,Kräver BBR tillgänglighet i enbostadshus?,"Delvis. Nybyggt enbostadshus behöver uppfylla tillgänglighet på entréplan (entré, WC, rum för sömn, matsal). Ej obligatoriskt på övervåning. Tillgänglighet viktigt vid renovering av tillgänglighet också.",BBR 3,,Zaragoza AB,sv
bbr-006,bbr-pbl,Vad är brandklass EI60?,Brandavskiljande funktion: behåller integritet (E) och isolering (I) i 60 minuter. Vanligt krav mellan lägenheter och i trapphus. EI30 för mindre utrymmen.,BBR 5,,Zaragoza AB,sv
bbr-007,bbr-pbl,Kan jag bygga utan att följa BBR?,"Nej. BBR är lag. Avvikelser utan lov eller kontroll leder till sanktioner, rivningskrav, försäkringsproblem. Extremt små undantag för privatbruk.",PBL,,Zaragoza AB,sv
bbr-008,bbr-pbl,Vad är BBR-krav på fukt?,"BBR 6: fuktskyddslösningar krävs, våtrum ska ha BBV-godkänt tätskikt, krypgrund ska vara ventilerad, källare behöver fuktskydd. Fukttekniker arbetar med Zaragoza AB.",BBR 6,fuktskydd,Zaragoza AB,sv
bbr-009,bbr-pbl,Vilka BBR-krav gäller vid renovering?,"Kortfattat: det du *ändrar* ska uppfylla aktuell BBR. Orört får vara gammalt. Undantag: vid ""väsentlig ändring"" kan hela huset behöva uppfylla moderna krav.",BBR 1,,Zaragoza AB,sv
bbr-010,bbr-pbl,Vad är 'väsentlig ändring' enligt BBR?,"Ändring som väsentligt påverkar byggnadens säkerhet, hälsa eller energiprestanda. Ex: ändrad användning, stor tillbyggnad, komplett omdisponering. Utlöser striktare BBR-krav.",BBR 1,,Zaragoza AB,sv
energi-001,energideklaration,Vad är energideklaration?,"Dokument som redovisar byggnadens energianvändning. Obligatoriskt vid försäljning, uthyrning, och större renoveringar. Giltig i 10 år. Utförs av certifierad energiexpert.",Lag 2006:985,energideklaration,Zaragoza AB,sv
energi-002,energideklaration,När behövs energideklaration?,"Vid försäljning av hus, bostadsrätt, fritidshus, flerbostadshus. Vid uthyrning av lokaler. Vid omfattande renovering (nytt värmesystem, fasadisolering >25%).",Boverket,,Zaragoza AB,sv
energi-003,energideklaration,Vad kostar en energideklaration?,Villa: 4 000-8 000 SEK. Bostadsrätt: 2 000-4 000 SEK. Flerbostadshus: 15 000-50 000 SEK. Certifierad energiexpert utför.,Branschindex,,Zaragoza AB,sv
energi-004,energideklaration,Hur långt gäller en energideklaration?,"10 år från datum. Vid större åtgärder (ny värmekälla, omfattande isolering) rekommenderas ny deklaration för att visa förbättringen.",Boverket,,Zaragoza AB,sv
energi-005,energideklaration,Vad är energiklass?,Graderad skala A-G där A är bäst. Baserat på primärenergital. Moderna villor ofta C-E. Passivhus A-B. Äldre otätade hus G-F.,BBR 9,,Zaragoza AB,sv
energi-006,energideklaration,Måste jag åtgärda enligt deklarationen?,"Nej, deklarationen innehåller rekommendationer men är inte bindande. Men dokumenterar husets status vilket kan påverka försäljningspriset.",Lag 2006:985,,Zaragoza AB,sv
energi-007,energideklaration,Vad är primärenergital?,"Summa av all köpt energi × energiviktsfaktor, dividerat med uppvärmd area. Bra värde: <75 kWh/m²/år. Passivhus: <45. Mått för BBR energiprestanda.",BBR 9,,Zaragoza AB,sv
energi-008,energideklaration,Kan jag göra energideklarationen själv?,"Nej, endast certifierad energiexpert får utfärda lagstadgad deklaration. Sök Boverkets register för behöriga experter.",Boverket,,Zaragoza AB,sv
dispute-001,dispute,Vad gör jag vid tvist med byggfirma?,"Steg 1: skriftlig reklamation. Steg 2: ARN anmälan (konsument, gratis, bindande). Steg 3: tingsrätt. Hemförsäkring kan täcka rättsskydd. Zaragoza AB är medlem i Byggföretagens tvistlösning.",ARN; Konsumentverket,,Zaragoza AB,sv
dispute-002,dispute,Vad är ARN?,Allmänna reklamationsnämnden. Gratis tvistlösning för konsumenter. Beslut är rådgivande men följs i 80% av fallen. Snabb (ca 6 månader). Ingen advokat krävs.,ARN,,Zaragoza AB,sv
dispute-003,dispute,Kan jag få rättsskydd från hemförsäkring?,"Ja, de flesta hemförsäkringar inkluderar rättsskydd 100 000-300 000 SEK. Gäller vid tvist om byggprojekt på egen bostad. Självrisk 25%.",Försäkringsbranschen,,Zaragoza AB,sv
dispute-004,dispute,Vad är förlikning?,Överenskommelse där parterna kompromissar utan dom. Snabbare och billigare än rättegång. Advokat eller medlare kan hjälpa. Förlikningen är bindande när skriven och signerad.,Rättegångsbalken,,Zaragoza AB,sv
dispute-005,dispute,Hur länge har jag på mig att reklamera?,"Enligt konsumenttjänstlagen: ""inom skälig tid"" efter upptäckt, senast 3 år efter arbetet slutfördes. Dolda fel enligt ABS18: 10 år efter slutbesiktning.",Konsumenttjänstlagen; ABS18,,Zaragoza AB,sv
dispute-006,dispute,Kan jag kräva skadestånd?,"Ja, om du kan bevisa ekonomisk skada till följd av felet (t.ex. sekundärskador från vattenläcka). Skadeståndslagen och avtalet styr omfattningen.",Skadeståndslagen,,Zaragoza AB,sv
dispute-007,dispute,Vad kostar det att driva byggtvist i domstol?,Ansökningsavgift: 900-2 800 SEK. Advokat: 2 500-4 000 SEK/timme. Rättegång: oftast 50 000-200 000 SEK i advokatkostnad. Förlorande part betalar vinnandes kostnader.,Tingsrätten,,Zaragoza AB,sv
dispute-008,dispute,Vad är konsumenttjänstlagen?,"SFS 1985:716. Skyddar konsumenter som köper tjänster (inklusive byggtjänster). Krav på fackmässighet, information, reklamationsrätt. Gäller när privatperson anlitar näringsidkare.",Konsumenttjänstlagen,,Zaragoza AB,sv
dispute-009,dispute,Kan Zaragoza AB medla i tvist?,Zaragoza AB arbetar endast med egna projekt men vi hänvisar till Byggföretagens tvistlösning eller ARN vid konflikt. Professionell dialog och dokumentation minimerar tvister redan från start.,Zaragoza AB policy,projektkommunikation,Zaragoza AB,sv
